sku_number,brand,model,storage,color,grade,battery_condition,battery_capacity,functional_status,max_refurb_price,buybox_price
R03-18016082484953501537,Samsung,Galaxy A52,256GB,White,C,New,86,Not Working,656,641
R03-5369799537710287664,Samsung,Galaxy A52,128GB,Red,C,Good,87,Partially Working,617,604
R03-15534925641376419109,Samsung,Galaxy A52,128GB,Red,A,New,96,Working,365,355
R03-8359606328248978771,Samsung,Galaxy A52,64GB,White,A+,New,80,Working,675,661
R03-16300719160592582835,Samsung,Galaxy A52,256GB,Red,B,Used,91,Working,418,407
R03-16098237789947315837,Samsung,Galaxy A52,128GB,White,D,New,86,Partially Working,609,592
R03-14321176358292243976,Samsung,Galaxy A52,256GB,White,C,Good,81,Working,546,505
R03-16874166355495767413,Samsung,Galaxy A52,128GB,Red,A,Good,89,Not Working,587,568
R03-5373845718267153805,Samsung,Galaxy A52,128GB,Black,A,New,95,Not Working,539,502
R03-4502617174997418015,Samsung,Galaxy A52,64GB,Blue,A+,New,92,Not Working,537,501
R03-14212982707866128020,Samsung,Galaxy A52,256GB,Red,C,New,93,Not Working,540,530
R03-13252000076986335857,Samsung,Galaxy A52,256GB,Blue,D,Used,97,Not Working,619,576
R03-6519334144202720679,Samsung,Galaxy A52,64GB,Blue,D,Good,89,Working,349,324
R03-18075732048353316256,Samsung,Galaxy A52,64GB,Green,A,Used,98,Partially Working,513,482
R03-12030714700372394848,Samsung,Galaxy A52,64GB,White,A+,New,83,Not Working,523,511
R03-14348430593753827988,Samsung,Galaxy A52,64GB,Blue,B,Good,98,Working,300,256
R03-8431545351424331001,Samsung,Galaxy A52,256GB,White,D,New,100,Partially Working,667,654
R03-3026251291441448490,Samsung,Galaxy A52,64GB,Blue,D,Used,82,Partially Working,452,431
R03-14297415468444437133,Samsung,Galaxy A52,128GB,Red,A+,Used,81,Not Working,498,469
R03-3641732085576975949,Samsung,Galaxy A52,128GB,Green,A,Good,84,Not Working,563,533
R03-6600563128847714227,Samsung,Galaxy A52,128GB,Green,A+,New,92,Not Working,395,364
R03-8854816081291593718,Samsung,Galaxy A52,64GB,Blue,C,Good,82,Working,454,442
R03-15905213373319168728,Samsung,Galaxy A52,256GB,Red,D,Good,90,Not Working,649,612
R03-4247915063193715849,Samsung,Galaxy A52,256GB,Black,D,Good,84,Partially Working,617,580
R03-15136030326395977751,Samsung,Galaxy A52,256GB,White,A,Used,91,Partially Working,373,346
R03-13382572571088537019,Samsung,Galaxy A52,256GB,Blue,A+,Good,83,Partially Working,372,325
R03-11923938223026753105,Samsung,Galaxy A52,64GB,Blue,B,Good,93,Not Working,321,291
R03-1112177597173941130,Samsung,Galaxy A52,128GB,White,C,Good,94,Working,376,359
R03-8794784404871400672,Samsung,Galaxy A52,128GB,Red,A+,New,80,Partially Working,520,497
R03-11864389369530764298,Samsung,Galaxy A52,64GB,Green,A,Used,98,Working,584,555
R03-3536417916940730368,Samsung,Galaxy A52,256GB,Black,A+,Used,96,Partially Working,324,281
R03-13810456769291895331,Samsung,Galaxy A52,128GB,Green,B,New,98,Not Working,523,509
R03-13743707831533061135,Samsung,Galaxy A52,64GB,Black,B,Good,83,Partially Working,386,349
R03-8659003883502521791,Samsung,Galaxy A52,256GB,Red,A+,Used,90,Not Working,314,301
R03-17592504497299539997,Samsung,Galaxy A52,64GB,White,A+,New,93,Not Working,316,289
R03-5837634727341671451,Samsung,Galaxy A52,256GB,Green,A,New,84,Not Working,681,670
R03-6556998585821971723,Samsung,Galaxy A52,64GB,Red,B,Good,98,Partially Working,455,429
R03-10138163094886368994,Samsung,Galaxy A52,128GB,Blue,B,Good,80,Partially Working,504,459
R03-7428993743065006361,Samsung,Galaxy A52,256GB,Red,D,Good,93,Partially Working,613,600
R03-6841428731343358341,Samsung,Galaxy A52,128GB,Red,A+,Good,97,Partially Working,683,662
R03-14891808018310252442,Samsung,Galaxy A52,256GB,White,C,Used,97,Working,517,496
R03-11830309972879888297,Samsung,Galaxy A52,256GB,Blue,A,Good,84,Partially Working,413,385
R03-7198368133788093753,Samsung,Galaxy A52,128GB,Blue,D,Good,82,Partially Working,409,366
R03-14949389844623476277,Samsung,Galaxy A52,64GB,Blue,A,Used,99,Not Working,694,663
R03-17653653354833595067,Samsung,Galaxy A52,128GB,Black,A+,New,82,Partially Working,517,477
R03-11683245507317681271,Samsung,Galaxy A52,128GB,White,A+,New,89,Not Working,502,466
R03-14299796820094043540,Samsung,Galaxy A52,64GB,White,A+,Used,94,Working,523,500
R03-2997665945853577694,Samsung,Galaxy A52,64GB,White,A+,Good,88,Not Working,581,544
R03-17598426622224714673,Samsung,Galaxy A52,256GB,Green,D,Used,91,Working,659,609
R03-17960322888148533274,Samsung,Galaxy A52,128GB,Blue,C,Good,88,Partially Working,470,420
R03-7604221535014374614,Samsung,Galaxy A52,128GB,Black,C,Used,93,Partially Working,636,605
R03-5871286844745600290,Samsung,Galaxy A52,256GB,Green,B,Used,84,Working,646,614
R03-16941616237919160299,Samsung,Galaxy A52,64GB,Blue,D,New,89,Not Working,592,546
R03-1305731956341032505,Samsung,Galaxy A52,256GB,Green,D,New,98,Not Working,336,323
R03-12046561488172893513,Samsung,Galaxy A52,256GB,Blue,B,Good,89,Not Working,622,600
R03-11983742819593569864,Samsung,Galaxy A52,128GB,Green,A,New,93,Not Working,383,367
R03-18349610923885543506,Samsung,Galaxy A52,64GB,Red,A,Used,98,Not Working,687,647
R03-16959874761736668511,Samsung,Galaxy A52,64GB,Black,A+,Used,100,Working,362,351
R03-5488030986038431572,Samsung,Galaxy A52,256GB,White,A,New,81,Not Working,451,413
R03-14385059402465559582,Samsung,Galaxy A52,128GB,Red,B,Good,97,Working,605,574
R03-11871950790824379488,Samsung,Galaxy A52,256GB,Green,B,Used,95,Not Working,453,412
R03-5890793896462468842,Samsung,Galaxy A52,128GB,White,B,New,86,Partially Working,468,458
R03-938352815440610254,Samsung,Galaxy A52,128GB,Red,A+,Used,84,Partially Working,588,565
R03-2841160399122614459,Samsung,Galaxy A52,256GB,Black,B,Good,82,Partially Working,418,390
R03-4107533558754199349,Samsung,Galaxy A52,256GB,Black,C,New,88,Not Working,301,262
R03-2144521470713545921,Samsung,Galaxy A52,128GB,Blue,A+,Good,91,Partially Working,547,516
R03-17900350083133687916,Samsung,Galaxy A52,64GB,Blue,A+,New,86,Partially Working,628,592
R03-805220395634870983,Samsung,Galaxy A52,256GB,Red,A,Used,80,Partially Working,622,612
R03-17166789574204736786,Samsung,Galaxy A52,64GB,White,A+,Good,90,Not Working,607,571
R03-15025893216968525685,Samsung,Galaxy A52,64GB,Green,D,Used,100,Not Working,497,478
R03-12065816446809296216,Samsung,Galaxy A52,256GB,Blue,B,Used,87,Working,318,306
R03-15628509495659806831,Samsung,Galaxy A52,128GB,Black,D,New,100,Working,500,489
R03-8547363104062916195,Samsung,Galaxy A52,128GB,Blue,C,New,88,Partially Working,417,376
R03-9101302735452917539,Samsung,Galaxy A52,64GB,Green,A+,Good,83,Partially Working,636,610
R03-1938451018953605723,Samsung,Galaxy A52,128GB,Green,B,Used,87,Partially Working,552,506
R03-797320452068688180,Samsung,Galaxy A52,64GB,Black,C,Used,89,Partially Working,474,447
R03-154927517841771621,Samsung,Galaxy A52,256GB,Black,A,Used,92,Not Working,318,292
R03-18314653273914360000,Samsung,Galaxy A52,64GB,Black,C,New,98,Partially Working,565,537
R03-15229134142964255871,Samsung,Galaxy A52,64GB,Red,B,Used,98,Working,362,349
R03-2934166211732654046,Samsung,Galaxy A52,64GB,Black,A,Used,93,Partially Working,612,574
R03-193858733098158516,Samsung,Galaxy A52,64GB,Black,B,Used,83,Working,525,499
R03-8765894113490651052,Samsung,Galaxy A52,64GB,Blue,A+,Used,85,Partially Working,369,353
R03-4263182337641368254,Samsung,Galaxy A52,256GB,Black,C,Used,88,Partially Working,611,567
R03-10093168097574733679,Samsung,Galaxy A52,64GB,Black,C,Good,83,Working,568,530
R03-6910635070342382380,Samsung,Galaxy A52,64GB,Green,D,Good,84,Working,354,337
R03-5369544649817935020,Samsung,Galaxy A52,256GB,Black,A+,New,87,Not Working,300,252
R03-5402787464086703985,Samsung,Galaxy A52,256GB,Green,D,New,82,Working,391,351
R03-5368383646409050548,Samsung,Galaxy A52,128GB,Red,A,Used,81,Partially Working,512,467
R03-9541408264121827907,Samsung,Galaxy A52,128GB,White,B,Used,80,Not Working,309,261
R03-12649846428734734440,Samsung,Galaxy A52,64GB,Green,B,New,100,Partially Working,586,542
R03-4615416359504266907,Samsung,Galaxy A52,64GB,White,B,Used,87,Partially Working,412,369
R03-17439181863388465197,Samsung,Galaxy A52,128GB,Red,D,New,81,Working,626,588
R03-8753249779824938893,Samsung,Galaxy A52,128GB,Blue,D,Good,84,Partially Working,539,506
R03-4396783545167071116,Samsung,Galaxy A52,256GB,Black,A,New,100,Working,505,491
R03-15909790387562892740,Samsung,Galaxy A52,64GB,White,A,Used,86,Not Working,623,604
R03-6465676823929506481,Samsung,Galaxy A52,256GB,Green,C,Good,95,Not Working,625,598
R03-5206349543695665805,Samsung,Galaxy A52,64GB,Black,B,New,86,Working,503,484
R03-2138814401689241921,Samsung,Galaxy A52,128GB,Green,A,Good,96,Working,376,354
R03-3247491094209905088,Samsung,Galaxy A52,256GB,Blue,C,New,95,Not Working,508,485
R03-11021265830089870601,Samsung,Galaxy A52,256GB,White,A+,New,86,Partially Working,624,580
R03-4658098529699055791,Samsung,Galaxy A52,128GB,Green,A+,Used,92,Partially Working,503,455
R03-13089691942250823999,Samsung,Galaxy A52,128GB,Blue,A,Used,90,Not Working,482,471
R03-15013519995430191206,Samsung,Galaxy A52,64GB,Red,C,Good,86,Not Working,682,664
R03-4137206619781090080,Samsung,Galaxy A52,256GB,Black,C,Good,84,Partially Working,560,528
R03-921712142863844150,Samsung,Galaxy A52,128GB,Green,A+,Used,81,Partially Working,355,313
R03-11077202081286475424,Samsung,Galaxy A52,64GB,Green,B,Good,91,Not Working,676,630
R03-7194791680778389535,Samsung,Galaxy A52,64GB,Blue,D,Used,95,Not Working,435,387
R03-1384909797827496517,Samsung,Galaxy A52,256GB,Green,D,Good,82,Partially Working,330,292
R03-277641961084897691,Samsung,Galaxy A52,64GB,Red,D,Good,86,Not Working,623,599
R03-11838870199321054006,Samsung,Galaxy A52,128GB,Red,D,New,95,Not Working,442,413
R03-16009844710174639028,Samsung,Galaxy A52,256GB,Blue,B,Good,84,Working,424,400
R03-17320817659985543927,Samsung,Galaxy A52,128GB,Red,D,New,90,Working,600,565
R03-11194082118925894886,Samsung,Galaxy A52,128GB,Black,A+,Good,84,Not Working,373,338
R03-10075080282598755241,Samsung,Galaxy A52,64GB,Black,D,Good,81,Partially Working,440,400
R03-10077004951406399457,Samsung,Galaxy A52,128GB,Red,C,Good,81,Working,436,390
R03-7709503705739251492,Samsung,Galaxy A52,256GB,Red,C,Good,96,Working,340,324
R03-9255469132262490792,Samsung,Galaxy Note 10,64GB,Red,B,Used,89,Not Working,475,464
R03-12748344553950562153,Samsung,Galaxy Note 10,256GB,Blue,A+,Used,95,Working,432,416
R03-9954914209555498759,Samsung,Galaxy Note 10,64GB,Green,B,Used,85,Partially Working,374,350
R03-165384656034547913,Samsung,Galaxy Note 10,256GB,Black,C,Used,88,Partially Working,394,366
R03-14136290412646451802,Samsung,Galaxy Note 10,256GB,White,A+,Used,96,Not Working,321,286
R03-18074771175563087764,Samsung,Galaxy Note 10,128GB,White,A+,Good,93,Working,341,317
R03-10866872233807465558,Samsung,Galaxy Note 10,256GB,Green,A+,New,96,Not Working,635,603
R03-17935362970162842274,Samsung,Galaxy Note 10,64GB,Red,A+,Used,94,Not Working,332,301
R03-16855952366121405815,Samsung,Galaxy Note 10,256GB,White,A+,Good,89,Partially Working,493,448
R03-18328854258942036768,Samsung,Galaxy Note 10,128GB,Green,C,Used,83,Partially Working,333,313
R03-18257703538015489032,Samsung,Galaxy Note 10,256GB,Green,D,Good,84,Working,613,586
R03-13658619429970069605,Samsung,Galaxy Note 10,256GB,Red,D,Used,88,Partially Working,351,337
R03-13026135489182056504,Samsung,Galaxy Note 10,64GB,Black,A+,Used,97,Working,418,400
R03-17560663498555803564,Samsung,Galaxy Note 10,256GB,Green,B,Used,85,Partially Working,448,428
R03-15770231954129505361,Samsung,Galaxy Note 10,64GB,Green,B,Good,87,Working,586,544
R03-3548592652796579778,Samsung,Galaxy Note 10,128GB,Blue,C,Good,93,Working,350,324
R03-1221853668011559461,Samsung,Galaxy Note 10,128GB,Blue,A,New,83,Not Working,464,438
R03-16392779374242513132,Samsung,Galaxy Note 10,64GB,Black,B,Used,97,Working,581,533
R03-6075327892361724152,Samsung,Galaxy Note 10,256GB,Red,A+,Good,86,Partially Working,417,392
R03-4077141224087634610,Samsung,Galaxy Note 10,128GB,White,C,Good,80,Working,396,365
R03-15036099108726591166,Samsung,Galaxy Note 10,64GB,Green,C,Good,88,Partially Working,306,278
R03-10655306714049300436,Samsung,Galaxy Note 10,64GB,Green,A,New,91,Working,456,409
R03-16271745233799367226,Samsung,Galaxy Note 10,256GB,White,B,Used,98,Working,653,604
R03-8266372151187754657,Samsung,Galaxy Note 10,256GB,Red,A,Good,99,Partially Working,651,634
R03-10039433744027437553,Samsung,Galaxy Note 10,64GB,Blue,A,Used,96,Not Working,309,293
R03-11114882043917388074,Samsung,Galaxy Note 10,64GB,Blue,D,Good,88,Not Working,383,353
R03-16050312263376323716,Samsung,Galaxy Note 10,64GB,White,A+,New,83,Not Working,371,361
R03-16113169248193561659,Samsung,Galaxy Note 10,128GB,Green,B,New,89,Partially Working,422,392
R03-6305375460297625509,Samsung,Galaxy Note 10,128GB,White,A,Used,81,Not Working,461,421
R03-3114464080369763620,Samsung,Galaxy Note 10,256GB,Red,A,Good,95,Not Working,468,439
R03-13231462360602722458,Samsung,Galaxy Note 10,128GB,Black,A+,Used,100,Partially Working,522,487
R03-4525990939943456546,Samsung,Galaxy Note 10,128GB,Blue,D,New,92,Partially Working,612,590
R03-1438526107241300543,Samsung,Galaxy Note 10,64GB,Green,A,Used,90,Not Working,452,422
R03-3973497872453617574,Samsung,Galaxy Note 10,64GB,White,A,New,89,Not Working,654,627
R03-11505091923517656029,Samsung,Galaxy Note 10,256GB,Black,C,Used,95,Not Working,681,631
R03-11155567745560891100,Samsung,Galaxy Note 10,64GB,Red,B,New,91,Partially Working,503,477
R03-12202819524153327642,Samsung,Galaxy Note 10,128GB,Green,A+,New,81,Partially Working,663,651
R03-14027494789417877522,Samsung,Galaxy Note 10,256GB,Red,A,Used,94,Partially Working,569,534
R03-6669816301886850892,Samsung,Galaxy Note 10,256GB,Red,B,New,87,Partially Working,463,436
R03-10904331431589201343,Samsung,Galaxy Note 10,128GB,Blue,D,Good,95,Partially Working,448,403
R03-13140634044385216947,Samsung,Galaxy Note 10,256GB,Blue,B,Used,88,Not Working,507,460
R03-11104090084501636745,Samsung,Galaxy Note 10,64GB,Blue,A,Good,80,Not Working,330,306
R03-17735829229403915619,Samsung,Galaxy Note 10,256GB,White,B,New,83,Not Working,568,550
R03-15864319600658564884,Samsung,Galaxy Note 10,128GB,Red,B,Used,84,Working,459,440
R03-11802281888827787689,Samsung,Galaxy Note 10,64GB,Blue,A,New,89,Not Working,505,489
R03-11322352691982712951,Samsung,Galaxy Note 10,64GB,Blue,B,Good,89,Working,505,457
R03-17538853149156196761,Samsung,Galaxy Note 10,128GB,Blue,D,New,96,Working,503,471
R03-744335647091740536,Samsung,Galaxy Note 10,128GB,White,C,New,95,Working,474,437
R03-11436976391248431313,Samsung,Galaxy Note 10,256GB,Red,D,New,92,Not Working,522,512
R03-15250077218012745062,Samsung,Galaxy Note 10,128GB,Blue,A+,Good,92,Partially Working,677,640
R03-8490669157630363998,Samsung,Galaxy Note 10,128GB,Black,B,New,92,Not Working,404,367
R03-241104676148102778,Samsung,Galaxy Note 10,128GB,White,A,Used,97,Not Working,513,498
R03-17448342006044246230,Samsung,Galaxy Note 10,64GB,White,C,New,93,Not Working,371,356
R03-10808772457317747587,Samsung,Galaxy Note 10,64GB,White,A,New,93,Working,609,571
R03-3057152291297905933,Samsung,Galaxy Note 10,64GB,Red,A+,Good,100,Working,393,349
R03-8025529746809900402,Samsung,Galaxy Note 10,256GB,Green,D,New,84,Working,326,309
R03-1816843371015980851,Samsung,Galaxy Note 10,256GB,Green,B,Good,94,Working,325,315
R03-16452320181969962059,Samsung,Galaxy Note 10,256GB,White,A+,New,83,Working,403,361
R03-16418134864526003161,Samsung,Galaxy Note 10,256GB,White,D,Good,83,Not Working,484,461
R03-7187293885404958090,Samsung,Galaxy Note 10,128GB,Green,B,New,92,Not Working,674,658
R03-9478960895920981585,Samsung,Galaxy Note 10,256GB,Blue,A,Used,82,Working,476,433
R03-6897744490604285370,Samsung,Galaxy Note 10,128GB,Red,C,Good,84,Partially Working,426,382
R03-13535660441061048974,Samsung,Galaxy Note 10,64GB,Black,A,New,100,Partially Working,303,266
R03-7269400490382213382,Samsung,Galaxy Note 10,64GB,White,D,Good,96,Partially Working,690,677
R03-6907983162590381799,Samsung,Galaxy Note 10,64GB,White,D,Good,90,Working,537,517
R03-10894178327099624494,Samsung,Galaxy Note 10,256GB,Blue,D,Good,90,Working,390,365
R03-8989499324750450063,Samsung,Galaxy Note 10,128GB,Black,C,Used,88,Working,484,471
R03-7420655704235590782,Samsung,Galaxy Note 10,64GB,Green,A,Used,89,Working,319,272
R03-13667019279399928051,Samsung,Galaxy Note 10,128GB,Blue,A,Used,100,Partially Working,421,390
R03-15071253282312638309,Samsung,Galaxy Note 10,64GB,Red,C,New,87,Not Working,644,595
R03-8733075038806164003,Samsung,Galaxy Note 10,256GB,Green,B,New,84,Not Working,471,443
R03-7015177770718677900,Samsung,Galaxy Note 10,64GB,Green,A+,Good,81,Partially Working,609,596
R03-6228791688677507362,Samsung,Galaxy Note 10,64GB,Blue,A,Used,94,Not Working,665,651
R03-14934928476626502920,Samsung,Galaxy Note 10,128GB,Black,C,New,92,Working,331,286
R03-9107642280278642082,Samsung,Galaxy Note 10,64GB,Green,A,Used,97,Working,466,448
R03-7763549617644324031,Samsung,Galaxy Note 10,64GB,Red,A,Used,88,Partially Working,356,313
R03-4270751452395881291,Samsung,Galaxy Note 10,128GB,Green,A,Good,98,Not Working,342,311
R03-13374418964056785930,Samsung,Galaxy Note 10,256GB,Red,B,Used,98,Not Working,449,437
R03-68741445405000298,Samsung,Galaxy Note 10,256GB,Black,C,Used,96,Partially Working,579,530
R03-10972722934449194411,Samsung,Galaxy Note 10,128GB,Green,C,Used,85,Not Working,613,566
R03-13938441880077289824,Samsung,Galaxy Note 10,128GB,Green,D,Used,83,Partially Working,343,331
R03-13362953690669861878,Samsung,Galaxy Note 10,64GB,Black,C,Good,85,Not Working,464,441
R03-4967670905830067178,Samsung,Galaxy Note 10,128GB,Red,A,New,97,Working,641,617
R03-11063948813758382740,Samsung,Galaxy Note 10,256GB,Blue,D,New,100,Not Working,550,500
R03-193216689029792559,Samsung,Galaxy Note 10,64GB,Red,C,New,81,Not Working,319,282
R03-15140939275970432845,Samsung,Galaxy Note 10,64GB,Blue,C,Used,86,Partially Working,536,519
R03-17614696004842178698,Samsung,Galaxy Note 10,128GB,Blue,C,Used,91,Not Working,342,325
R03-329762288136179673,Samsung,Galaxy Note 10,64GB,Green,D,Used,85,Working,384,357
R03-6910187714384514386,Samsung,Galaxy Note 10,256GB,Green,B,New,90,Working,630,617
R03-5452775731023596128,Samsung,Galaxy Note 10,64GB,White,A+,Used,96,Partially Working,314,287
R03-16219562849243253726,Samsung,Galaxy Note 10,256GB,Black,B,New,82,Partially Working,576,561
R03-13946696297316697368,Samsung,Galaxy Note 10,64GB,White,C,New,95,Partially Working,462,452
R03-15791525598541333515,Samsung,Galaxy Note 10,256GB,Green,B,Used,93,Working,697,660
R03-7616864489692220848,Samsung,Galaxy Note 10,128GB,Green,D,New,98,Not Working,613,565
R03-2997355503376222207,Samsung,Galaxy Note 10,128GB,Blue,B,Good,93,Partially Working,530,496
R03-3033483086680641140,Samsung,Galaxy Note 10,256GB,Black,A,Used,95,Working,327,305
R03-16910187797788181099,Samsung,Galaxy Note 10,256GB,White,A+,New,99,Working,677,657
R03-4510519266865991046,Samsung,Galaxy Note 10,64GB,Green,D,New,96,Partially Working,693,666
R03-13037771194568687759,Samsung,Galaxy Note 10,64GB,Red,B,Good,89,Partially Working,404,387
R03-17104034516052101263,Samsung,Galaxy Note 10,64GB,Green,B,New,92,Partially Working,648,599
R03-9138341466761153383,Samsung,Galaxy Note 10,64GB,White,B,Used,93,Partially Working,628,618
R03-10061643174937382903,Samsung,Galaxy S10,128GB,Black,D,New,87,Partially Working,403,386
R03-255447181933560625,Samsung,Galaxy S10,128GB,Green,A+,New,91,Partially Working,356,318
R03-636959142727208612,Samsung,Galaxy S10,64GB,Green,B,Good,89,Working,485,463
R03-2270257291479174802,Samsung,Galaxy S10,256GB,Blue,A,Good,95,Partially Working,502,492
R03-2252935401404583553,Samsung,Galaxy S10,64GB,Black,D,New,86,Not Working,626,583
R03-6973216167369002398,Samsung,Galaxy S10,64GB,Red,A,Used,94,Not Working,553,534
R03-13770182166020575033,Samsung,Galaxy S10,256GB,Blue,B,Used,96,Not Working,355,331
R03-6838386590100374915,Samsung,Galaxy S10,64GB,Blue,A+,Good,100,Partially Working,568,520
R03-5782827650172668549,Samsung,Galaxy S10,64GB,Black,B,Good,85,Working,697,667
R03-14188126070040579843,Samsung,Galaxy S10,64GB,Green,A+,Good,84,Working,643,616
R03-12962233273451301360,Samsung,Galaxy S10,64GB,Black,B,Used,80,Not Working,499,468
R03-7996831996868771908,Samsung,Galaxy S10,128GB,Blue,A+,Used,87,Not Working,550,529
R03-2720641280638994529,Samsung,Galaxy S10,64GB,White,B,New,95,Not Working,546,503
R03-17761037943448030902,Samsung,Galaxy S10,64GB,Green,B,Used,92,Not Working,474,433
R03-5228102554941803341,Samsung,Galaxy S10,64GB,White,A+,Good,84,Partially Working,608,587
R03-18121748239089814134,Samsung,Galaxy S10,128GB,Blue,B,Used,80,Working,490,479
R03-615327621536826703,Samsung,Galaxy S10,64GB,Red,B,Used,81,Working,322,287
R03-11307204249556566946,Samsung,Galaxy S10,64GB,Red,C,Good,89,Not Working,685,662
R03-14418030440266089662,Samsung,Galaxy S10,256GB,Blue,A,Used,87,Working,318,268
R03-249936914355997232,Samsung,Galaxy S10,128GB,Green,A,Used,85,Not Working,550,507
R03-2819921478682429324,Samsung,Galaxy S10,128GB,Red,A,Good,100,Partially Working,325,294
R03-8774253783368026525,Samsung,Galaxy S10,256GB,Red,A,Good,82,Not Working,663,641
R03-7946498667161014156,Samsung,Galaxy S10,64GB,Green,A,Used,80,Not Working,678,644
R03-9247805460631930214,Samsung,Galaxy S10,64GB,Black,D,New,87,Working,590,542
R03-10445930760572452982,Samsung,Galaxy S10,256GB,Red,C,Used,96,Partially Working,509,475
R03-9300695808615335419,Samsung,Galaxy S10,64GB,White,D,Good,80,Working,565,539
R03-15458097143418210761,Samsung,Galaxy S10,256GB,White,C,New,83,Working,347,327
R03-11150637316375529346,Samsung,Galaxy S10,256GB,White,D,Used,91,Partially Working,446,431
R03-10597104914583865963,Samsung,Galaxy S10,128GB,Blue,A+,Good,87,Not Working,315,268
R03-7085150218333801626,Samsung,Galaxy S10,64GB,White,A,Used,96,Not Working,310,292
R03-10109520989890760427,Samsung,Galaxy S10,64GB,Green,D,Good,95,Working,308,258
R03-5517767083834033448,Samsung,Galaxy S10,128GB,Black,D,Good,88,Partially Working,526,497
R03-16845789575305315382,Samsung,Galaxy S10,64GB,Blue,C,Used,80,Working,674,654
R03-3883178873404803748,Samsung,Galaxy S10,128GB,White,A+,Good,95,Working,345,317
R03-5500844315330759536,Samsung,Galaxy S10,256GB,Green,B,Used,87,Working,611,575
R03-18326652465048932120,Samsung,Galaxy S10,128GB,Blue,B,Used,94,Not Working,424,411
R03-10895552669535256711,Samsung,Galaxy S10,128GB,Red,A,Used,89,Working,475,449
R03-4968940768147033635,Samsung,Galaxy S10,64GB,Blue,C,Good,98,Partially Working,320,286
R03-10648153628493629560,Samsung,Galaxy S10,64GB,Green,D,Good,83,Working,580,531
R03-10233163356866366739,Samsung,Galaxy S10,64GB,Green,B,New,84,Partially Working,689,639
R03-2392575562478601637,Samsung,Galaxy S10,256GB,Red,D,Good,89,Partially Working,600,559
R03-965673459793677676,Samsung,Galaxy S10,64GB,Black,C,New,82,Partially Working,489,454
R03-12365306077842852747,Samsung,Galaxy S10,128GB,White,D,Good,88,Not Working,568,524
R03-11934553293294618030,Samsung,Galaxy S10,128GB,Red,B,New,87,Partially Working,551,536
R03-15386109761762247651,Samsung,Galaxy S10,64GB,Red,C,New,93,Partially Working,402,360
R03-3263819975122437577,Samsung,Galaxy S10,256GB,Green,B,Used,92,Not Working,660,640
R03-1583778803636650435,Samsung,Galaxy S10,128GB,Red,D,Used,80,Partially Working,508,458
R03-2831824296464238924,Samsung,Galaxy S10,64GB,Red,B,Good,96,Not Working,654,631
R03-5387350028369349171,Samsung,Galaxy S10,256GB,Red,A,Used,96,Partially Working,386,349
R03-3606615539676628033,Samsung,Galaxy S10,256GB,White,B,Used,94,Not Working,449,431
R03-16014954247661895697,Samsung,Galaxy S10,128GB,Blue,D,New,93,Working,422,393
R03-8608941767756826249,Samsung,Galaxy S10,64GB,Black,C,Used,87,Not Working,644,619
R03-3982455252138281255,Samsung,Galaxy S10,128GB,White,B,Used,80,Not Working,400,380
R03-9056094343974896130,Samsung,Galaxy S10,64GB,Red,C,Used,87,Working,448,401
R03-1273025646166624260,Samsung,Galaxy S10,64GB,Black,D,Used,86,Working,693,681
R03-505038759938375714,Samsung,Galaxy S10,256GB,Green,B,Used,84,Working,472,456
R03-17085334499131934110,Samsung,Galaxy S10,128GB,Blue,A+,Used,94,Partially Working,479,440
R03-10318990629946082804,Samsung,Galaxy S10,128GB,Red,A,New,97,Partially Working,460,431
R03-2536400086946628606,Samsung,Galaxy S10,64GB,Black,A+,Good,88,Partially Working,508,481
R03-5736600739461353316,Samsung,Galaxy S10,128GB,Blue,C,Good,82,Not Working,317,285
R03-8952301181428320415,Samsung,Galaxy S10,256GB,Blue,A,New,86,Not Working,604,560
R03-5040278900037667199,Samsung,Galaxy S10,64GB,Red,A,Used,92,Working,682,658
R03-10352595707789590899,Samsung,Galaxy S10,256GB,White,A,New,82,Partially Working,422,391
R03-5638673375494949646,Samsung,Galaxy S10,64GB,Green,C,Used,90,Partially Working,584,566
R03-5197227813489820138,Samsung,Galaxy S10,256GB,Green,B,Good,82,Partially Working,439,411
R03-16652895276743870142,Samsung,Galaxy S10,64GB,Green,D,Used,85,Not Working,657,634
R03-7043178926786170340,Samsung,Galaxy S10,128GB,Green,C,Used,86,Not Working,329,308
R03-6521511185831578941,Samsung,Galaxy S10,64GB,Black,A+,Good,82,Partially Working,418,397
R03-16064656084497092496,Samsung,Galaxy S10,64GB,Blue,A+,Good,88,Partially Working,473,441
R03-4155995213449349272,Samsung,Galaxy S10,128GB,Red,C,Used,84,Not Working,512,502
R03-15087680300208636019,Samsung,Galaxy S10,256GB,White,A+,Used,82,Partially Working,491,452
R03-15611719311315780707,Samsung,Galaxy S10,64GB,Green,C,Good,89,Partially Working,572,548
R03-16738733878745450356,Samsung,Galaxy S10,64GB,White,D,Good,89,Not Working,447,402
R03-11298218997893908203,Samsung,Galaxy S10,64GB,White,A+,Good,85,Working,653,614
R03-544934897975510993,Samsung,Galaxy S10,256GB,Green,C,Good,93,Partially Working,614,590
R03-14356771678413605452,Samsung,Galaxy S10,128GB,Green,A+,Good,90,Not Working,532,488
R03-8360195114965815280,Samsung,Galaxy S20,256GB,Blue,A+,New,90,Not Working,422,395
R03-1892730657627261343,Samsung,Galaxy S20,256GB,Red,C,Used,89,Partially Working,527,513
R03-2652239070455481710,Samsung,Galaxy S20,128GB,Black,A+,Used,83,Not Working,381,331
R03-3815857947108659021,Samsung,Galaxy S20,64GB,Blue,B,Used,82,Working,344,324
R03-9198198099163366807,Samsung,Galaxy S20,64GB,Green,C,Used,99,Working,580,537
R03-9582065786459605245,Samsung,Galaxy S20,128GB,Red,A+,New,81,Not Working,430,386
R03-4373894444881887671,Samsung,Galaxy S20,256GB,White,C,Good,89,Partially Working,635,593
R03-8366372256621740319,Samsung,Galaxy S20,256GB,Red,C,Used,93,Partially Working,401,367
R03-1347216630493105765,Samsung,Galaxy S20,128GB,Black,A,Used,86,Not Working,649,625
R03-4041227299312455664,Samsung,Galaxy S20,256GB,Black,D,New,84,Not Working,481,439
R03-8928742431028039584,Samsung,Galaxy S20,256GB,Red,A,New,85,Not Working,588,562
R03-4046016669179596141,Samsung,Galaxy S20,64GB,White,D,New,93,Partially Working,568,545
R03-17293326994864423824,Samsung,Galaxy S20,256GB,White,A+,Good,82,Working,681,640
R03-383522874421233883,Samsung,Galaxy S20,64GB,Black,A+,Used,95,Working,563,551
R03-17995224716402442655,Samsung,Galaxy S20,64GB,Red,A+,Good,100,Working,400,370
R03-1361419855466154316,Samsung,Galaxy S20,64GB,Black,A+,New,92,Partially Working,372,339
R03-6607910771971146586,Samsung,Galaxy S20,128GB,Red,D,Used,90,Working,440,412
R03-5525386206546838587,Samsung,Galaxy S20,128GB,Green,A,Good,81,Partially Working,542,509
R03-14076191361904167197,Samsung,Galaxy S20,256GB,Red,A,New,94,Working,619,591
R03-2164383098911017850,Samsung,Galaxy S20,128GB,Black,C,Used,93,Working,515,480
R03-7579601932989123519,Samsung,Galaxy S20,64GB,Green,C,New,100,Working,445,430
R03-16283982795335812632,Samsung,Galaxy S20,64GB,Blue,B,New,80,Working,693,648
R03-9979678853069029720,Samsung,Galaxy S20,256GB,Red,D,Used,92,Partially Working,433,409
R03-5979393426896472075,Samsung,Galaxy S20,256GB,White,D,Used,88,Not Working,460,429
R03-1642414607550663873,Samsung,Galaxy S20,256GB,Green,A+,Used,90,Working,600,580
R03-9748399057665409227,Samsung,Galaxy S20,128GB,Black,B,Good,95,Not Working,624,604
R03-4419921790535615434,Samsung,Galaxy S20,256GB,White,A,Good,95,Not Working,651,612
R03-16970329055346901516,Samsung,Galaxy S20,256GB,Black,A+,Good,88,Working,368,349
R03-14754562968009330012,Samsung,Galaxy S20,64GB,Black,A,Used,93,Not Working,583,553
R03-9567989638506892653,Samsung,Galaxy S20,128GB,White,A+,New,82,Not Working,395,373
R03-2376516708933715018,Samsung,Galaxy S20,64GB,Black,C,Good,90,Not Working,643,599
R03-5943770085892900190,Samsung,Galaxy S20,64GB,Red,A+,Used,97,Partially Working,696,677
R03-486977460216810837,Samsung,Galaxy S20,256GB,Red,D,Good,93,Not Working,492,469
R03-15664643528139492393,Samsung,Galaxy S20,64GB,Blue,B,Good,100,Working,408,358
R03-16111098486032648960,Samsung,Galaxy S20,128GB,Blue,A,Good,93,Working,410,383
R03-150019687786562417,Samsung,Galaxy S20,128GB,Black,D,Used,92,Not Working,347,321
R03-11921801884294139497,Samsung,Galaxy S20,256GB,White,C,Used,84,Partially Working,328,298
R03-10339447510607545376,Samsung,Galaxy S20,256GB,Red,C,New,81,Not Working,648,629
R03-1807623064602428691,Samsung,Galaxy S20,128GB,White,C,Good,87,Partially Working,654,617
R03-2665638193602379782,Samsung,Galaxy S20,64GB,Blue,A+,New,100,Working,438,389
R03-1996163635784271994,Samsung,Galaxy S20,128GB,Red,A+,Good,81,Partially Working,434,408
R03-1592349913537201057,Samsung,Galaxy S20,256GB,Green,D,New,95,Working,482,457
R03-12461511998411457791,Samsung,Galaxy S20,64GB,Red,A,Good,88,Partially Working,439,427
R03-8762581755914832995,Samsung,Galaxy S20,128GB,Green,B,Good,84,Not Working,638,610
R03-5636673687494673728,Samsung,Galaxy S20,64GB,Blue,C,Good,91,Partially Working,697,678
R03-16819391885346098853,Samsung,Galaxy S20,64GB,Red,D,New,94,Working,600,564
R03-6704693564492828085,Samsung,Galaxy S20,256GB,Black,B,Good,92,Partially Working,654,630
R03-10067768508947579491,Samsung,Galaxy S20,128GB,White,C,Used,90,Partially Working,673,649
R03-8645827969007241650,Samsung,Galaxy S20,128GB,Blue,B,Good,99,Not Working,477,452
R03-14222593181901276175,Samsung,Galaxy S20,64GB,White,D,Good,92,Working,328,286
R03-6737261756343142495,Samsung,Galaxy S20,64GB,Green,B,New,86,Not Working,686,665
R03-4083047652516906050,Samsung,Galaxy S20,64GB,Red,D,Used,97,Not Working,623,600
R03-10696266170364414099,Samsung,Galaxy S20,128GB,White,A+,New,89,Not Working,379,368
R03-3393470841732483640,Samsung,Galaxy S20,64GB,White,A+,Used,85,Not Working,537,520
R03-13473504026307413823,Samsung,Galaxy S20,64GB,Red,A,Used,89,Working,347,331
R03-8134606268614656836,Samsung,Galaxy S20,256GB,Green,B,Used,85,Working,461,447
R03-14023236289181599116,Samsung,Galaxy S20,64GB,Red,A,Used,89,Partially Working,490,454
R03-524329179525169534,Samsung,Galaxy S20,256GB,Red,B,Good,91,Working,326,282
R03-12321714615933419643,Samsung,Galaxy S20,64GB,Green,B,Good,86,Working,392,358
R03-16020397981633236124,Samsung,Galaxy S20,256GB,White,A+,New,82,Not Working,334,320
R03-3795636584792016696,Samsung,Galaxy S20,128GB,Blue,C,Good,99,Not Working,693,672
R03-15779623057933881325,Samsung,Galaxy S20,256GB,Red,C,Used,84,Not Working,327,316
R03-3356981334234188504,Samsung,Galaxy S20,256GB,Black,C,Used,99,Not Working,445,416
R03-3244376517059103173,Samsung,Galaxy S20,64GB,Red,A+,New,84,Working,328,308
R03-9329405981145910886,Samsung,Galaxy S20,128GB,Blue,B,Good,83,Not Working,322,282
R03-14983533785103483251,Samsung,Galaxy S20,64GB,Red,A+,Used,93,Partially Working,641,624
R03-9542916103679199588,Samsung,Galaxy S20,64GB,Green,B,Used,98,Not Working,458,432
R03-4357099008533482953,Samsung,Galaxy S20,64GB,White,D,Used,84,Not Working,436,422
R03-2184580732098267554,Samsung,Galaxy S20,64GB,Blue,D,New,80,Working,379,351
R03-15594006881623428677,Samsung,Galaxy S20,256GB,Red,B,Good,84,Partially Working,448,410
R03-11242801772471864242,Samsung,Galaxy S20,256GB,Green,B,New,97,Partially Working,623,609
R03-2512663515723350066,Samsung,Galaxy S20,128GB,Blue,B,Good,100,Partially Working,598,568
R03-14591890092501519300,Samsung,Galaxy S20,128GB,Blue,B,Used,90,Partially Working,583,535
R03-13397781527207366534,Samsung,Galaxy S20,128GB,Red,A,Good,85,Not Working,391,356
R03-4415206453537686169,Samsung,Galaxy S20,256GB,Green,A,New,92,Not Working,659,634
R03-9228790456379394828,Samsung,Galaxy S20,256GB,Green,B,Good,84,Working,481,439
R03-2386224179631443444,Samsung,Galaxy S20,64GB,Black,A+,New,95,Partially Working,349,299
R03-3090740321008567871,Samsung,Galaxy S20,64GB,Red,C,Good,95,Partially Working,653,626
R03-1282513514112175090,Samsung,Galaxy S20,128GB,Blue,A,New,92,Working,603,575
R03-14332753044576223986,Samsung,Galaxy S20,64GB,Blue,A,Used,84,Working,671,635
R03-16190045079712058603,Samsung,Galaxy S20,64GB,Blue,B,Good,89,Working,587,543
R03-17216336289213075197,Samsung,Galaxy S20,64GB,White,B,New,84,Working,339,313
R03-12803768668836220711,Samsung,Galaxy S20,128GB,Green,D,Used,93,Not Working,453,409
R03-10708314106823460673,Samsung,Galaxy S20,64GB,Red,B,Used,93,Not Working,442,412
R03-4503332835672801881,Samsung,Galaxy S20,128GB,Black,A,Good,80,Not Working,694,655
R03-2746436966646565083,Samsung,Galaxy S20,64GB,Black,C,Used,91,Working,431,386
R03-11479162294996910927,Samsung,Galaxy S20,256GB,Black,B,Used,98,Working,420,398
R03-100153872816557497,Samsung,Galaxy S20,128GB,Red,A,Good,98,Not Working,403,361
R03-8838849801632173392,Samsung,Galaxy S20,64GB,Blue,A+,Used,91,Not Working,635,620
R03-4924223241371796912,Samsung,Galaxy S20,64GB,White,C,New,82,Partially Working,362,352
R03-2932949625313643182,Samsung,Galaxy S20,64GB,White,D,Used,83,Working,602,558
R03-15215864175328510407,Samsung,Galaxy S20,128GB,Green,D,New,91,Working,317,274
R03-1305637876189644132,Samsung,Galaxy S20,128GB,Red,A,Used,84,Working,482,454
R03-15065434980948002812,Samsung,Galaxy S20,128GB,Green,C,Good,98,Working,467,430
R03-8258077432096772024,Samsung,Galaxy S20,256GB,Blue,D,Used,94,Working,454,428
R03-2844821203249414582,Samsung,Galaxy S20,128GB,White,A,New,95,Partially Working,416,375
R03-1861435314984799301,Samsung,Galaxy S20,256GB,Black,C,Good,95,Working,438,405
R03-14256128037527964408,Samsung,Galaxy S20,256GB,Black,A+,Used,82,Working,594,555
R03-214320682785458897,Samsung,Galaxy S20,256GB,Black,C,New,100,Partially Working,551,505
R03-14848445154183235295,Samsung,Galaxy S20,256GB,Red,B,Good,92,Working,441,414
R03-8971887057414145227,Samsung,Galaxy S20,64GB,Green,A+,New,93,Not Working,528,501
R03-16687788028615936164,Samsung,Galaxy S20,256GB,Green,C,Used,87,Working,309,262
R03-18006427164402729205,Samsung,Galaxy S20,128GB,Blue,A+,New,86,Working,619,583
R03-15749255085844874288,Samsung,Galaxy S20,128GB,Red,A+,New,94,Partially Working,358,345
R03-358982553212043653,Samsung,Galaxy S21,256GB,Blue,A+,Used,98,Working,614,603
R03-8943354955545986029,Samsung,Galaxy S21,64GB,White,D,New,86,Working,611,589
R03-381152966307561815,Samsung,Galaxy S21,128GB,Red,B,New,82,Working,411,394
R03-3188734106719897311,Samsung,Galaxy S21,128GB,Blue,B,New,87,Working,313,275
R03-2139771928701914428,Samsung,Galaxy S21,64GB,Black,D,Used,93,Not Working,430,403
R03-1243718980408790745,Samsung,Galaxy S21,128GB,White,A,Good,100,Not Working,450,401
R03-4096504875409297304,Samsung,Galaxy S21,128GB,Green,C,Used,97,Working,555,533
R03-10451004914210589167,Samsung,Galaxy S21,64GB,Red,A,New,89,Working,672,658
R03-14537482051780300464,Samsung,Galaxy S21,128GB,Blue,B,Good,80,Partially Working,333,294
R03-2624378722649261357,Samsung,Galaxy S21,64GB,Blue,A+,Used,80,Working,450,432
R03-3464438845514663383,Samsung,Galaxy S21,64GB,Red,A+,New,83,Working,444,429
R03-3196645279062639926,Samsung,Galaxy S21,256GB,Blue,B,Good,86,Working,406,383
R03-2808677272295588927,Samsung,Galaxy S21,128GB,Green,D,Good,99,Not Working,405,376
R03-10537889943441590429,Samsung,Galaxy S21,128GB,Black,A+,Good,94,Working,325,298
R03-12725993301141112658,Samsung,Galaxy S21,256GB,White,D,Used,84,Not Working,549,531
R03-16628948158159342695,Samsung,Galaxy S21,256GB,Blue,D,Used,88,Not Working,475,460
R03-3217390208700334877,Samsung,Galaxy S21,128GB,Blue,D,New,100,Partially Working,579,536
R03-11609230216587792305,Samsung,Galaxy S21,256GB,Red,A+,New,89,Partially Working,680,651
R03-13671215778070154530,Samsung,Galaxy S21,64GB,Black,D,New,99,Working,390,345
R03-11222729155745171756,Samsung,Galaxy S21,256GB,Blue,D,New,96,Working,510,463
R03-11511643510320221331,Samsung,Galaxy S21,128GB,Black,D,Good,89,Not Working,449,414
R03-18408330520772560913,Samsung,Galaxy S21,256GB,Black,C,Good,88,Partially Working,496,463
R03-10152640504708484107,Samsung,Galaxy S21,64GB,Green,B,New,81,Working,694,683
R03-14838267474857773045,Samsung,Galaxy S21,256GB,Green,B,New,84,Working,673,659
R03-356445977514688700,Samsung,Galaxy S21,128GB,White,A,New,86,Not Working,514,494
R03-11887296604175025709,Samsung,Galaxy S21,64GB,Green,A+,Used,100,Not Working,523,477
R03-5377968915965758465,Samsung,Galaxy S21,256GB,White,D,New,99,Not Working,411,394
R03-10889514587702644692,Samsung,Galaxy S21,64GB,Black,D,New,82,Partially Working,366,331
R03-15679911935527178028,Samsung,Galaxy S21,64GB,Red,A+,Used,85,Working,391,379
R03-8225460698781535472,Samsung,Galaxy S21,128GB,White,A,Used,94,Partially Working,594,563
R03-224254355681857438,Samsung,Galaxy S21,64GB,Blue,A+,New,89,Working,458,437
R03-7206306452154368686,Samsung,Galaxy S21,256GB,Blue,C,Good,90,Partially Working,539,498
R03-12754647324903360848,Samsung,Galaxy S21,64GB,White,A+,Used,100,Not Working,308,293
R03-17462928164793765300,Samsung,Galaxy S21,256GB,Green,A+,New,89,Working,461,427
R03-5201429499984626018,Samsung,Galaxy S21,128GB,Red,A+,Used,91,Working,530,515
R03-6329134005820016815,Samsung,Galaxy S21,128GB,Red,B,Good,91,Partially Working,510,486
R03-1989679661693355827,Samsung,Galaxy S21,128GB,White,B,Used,88,Not Working,344,303
R03-15773494875149779373,Samsung,Galaxy S21,256GB,White,D,Used,93,Working,671,658
R03-10141257889208879927,Samsung,Galaxy S21,128GB,Red,B,Good,95,Partially Working,462,429
R03-8604008194856733755,Samsung,Galaxy S21,256GB,Blue,A+,Good,95,Partially Working,499,458
R03-6061286543884109705,Samsung,Galaxy S21,128GB,Red,D,Used,88,Working,448,423
R03-6873390230304866942,Samsung,Galaxy S21,128GB,Blue,A+,New,96,Not Working,550,526
R03-3783192509310846817,Samsung,Galaxy S21,64GB,Red,A,New,85,Not Working,557,508
R03-17269693335705504803,Samsung,Galaxy S21,256GB,Black,C,Good,83,Working,463,421
R03-4238399929250629947,Samsung,Galaxy S21,64GB,Red,C,New,81,Partially Working,306,281
R03-1944961810548673435,Samsung,Galaxy S21,128GB,Green,A+,New,87,Not Working,408,380
R03-7784474430039280795,Samsung,Galaxy S21,256GB,Black,C,Used,81,Partially Working,348,307
R03-7295911347828310152,Samsung,Galaxy S21,256GB,Green,D,New,83,Working,473,433
R03-15012421647398489409,Samsung,Galaxy S21,128GB,White,C,New,93,Partially Working,644,607
R03-5457856118196686619,Samsung,Galaxy S21,64GB,Black,D,New,85,Working,463,446
R03-13344326124928059864,Samsung,Galaxy S21,128GB,Green,A+,Good,82,Working,361,327
R03-10024710067400099586,Samsung,Galaxy S21,256GB,Red,A,Good,88,Not Working,407,391
R03-16820242539339203407,Samsung,Galaxy S21,64GB,Black,B,Good,80,Working,545,495
R03-6951734320027291635,Samsung,Galaxy S21,128GB,White,A+,New,95,Not Working,551,536
R03-11783559839128045866,Samsung,Galaxy S21,128GB,Blue,A,Used,100,Partially Working,597,582
R03-17594327984782330039,Samsung,Galaxy S21,128GB,Black,B,Used,98,Not Working,310,261
R03-17310802933143848043,Samsung,Galaxy S21,256GB,Red,D,Good,82,Partially Working,492,445
R03-14913655457837367799,Samsung,Galaxy S21,256GB,Green,B,Good,99,Not Working,513,464
R03-6198240421890051451,Samsung,Galaxy S21,256GB,White,A+,Good,91,Partially Working,312,295
R03-11341620281388452242,Samsung,Galaxy S21,256GB,Green,C,New,89,Not Working,419,387
R03-18176076998588648912,Samsung,Galaxy S21,128GB,Green,D,Used,99,Working,434,411
R03-17181173644344050487,Samsung,Galaxy S21,128GB,Red,C,Good,93,Working,606,577
R03-6084230145825195678,Samsung,Galaxy S21,128GB,Green,A,Used,96,Working,566,552
R03-5870536135470697368,Samsung,Galaxy S21,64GB,Blue,D,New,95,Partially Working,515,470
R03-136577890058059799,Samsung,Galaxy S21,128GB,Blue,C,Used,99,Not Working,310,271
R03-11744251112409613439,Samsung,Galaxy S21,64GB,White,B,New,84,Not Working,607,568
R03-1165345872553001559,Samsung,Galaxy S21,64GB,Black,A,New,86,Partially Working,610,575
R03-3500459524551884958,Samsung,Galaxy S21,64GB,Blue,C,New,95,Not Working,683,670
R03-14912339049367555893,Samsung,Galaxy S21,128GB,Black,A,Good,89,Not Working,653,605
R03-16733535413299923146,Samsung,Galaxy S21,64GB,Green,B,Used,99,Working,679,645
R03-5945476883056774182,Samsung,Galaxy S21,64GB,Green,D,New,100,Partially Working,591,563
R03-11118241492168754913,Samsung,Galaxy S21,128GB,Blue,A,Good,82,Working,369,349
R03-5091061734935382336,Samsung,Galaxy S21,128GB,Red,C,Used,97,Working,450,439
R03-18240600190708502406,Samsung,Galaxy S21,128GB,Blue,C,Good,91,Not Working,407,380
R03-2366144026073843062,Samsung,Galaxy S21,64GB,Green,A,Good,90,Partially Working,470,428
R03-917164651237887004,Samsung,Galaxy S21,64GB,Green,C,New,93,Not Working,425,404
R03-9985821983108779515,Samsung,Galaxy S21,64GB,Red,C,Used,81,Not Working,533,499
R03-206583843602646920,Samsung,Galaxy S21,256GB,Blue,B,Used,84,Working,425,388
R03-5294479129930256015,Samsung,Galaxy S21,256GB,White,A+,New,80,Working,526,499
R03-17414543065431361073,Samsung,Galaxy S21,128GB,White,D,Used,94,Not Working,508,496
R03-2215319889612328433,Samsung,Galaxy S21,64GB,Green,B,Used,82,Not Working,431,409
R03-12632255507096879366,Samsung,Galaxy S21,128GB,Red,B,Good,100,Partially Working,357,320
R03-15441285781592294920,Samsung,Galaxy S21,256GB,Red,D,Used,93,Not Working,490,444
R03-329124836137257337,Samsung,Galaxy S21,64GB,Green,A+,New,100,Working,507,484
R03-7307406319618576312,Samsung,Galaxy S21,128GB,Blue,B,New,89,Partially Working,451,420
R03-11284142442754164655,Samsung,Galaxy S21,64GB,Black,B,Good,82,Partially Working,431,388
R03-7353228379215381493,Samsung,Galaxy S21,128GB,White,D,Good,80,Not Working,557,507
R03-9107586921124675609,Samsung,Galaxy S21,256GB,Red,D,Used,94,Not Working,335,319
R03-9313107042240581018,Samsung,Galaxy S21,256GB,Green,A+,Good,97,Partially Working,316,299
R03-6495057192096973460,Samsung,Galaxy S21,256GB,White,B,Good,82,Not Working,579,555
R03-10274438228405340810,Samsung,Galaxy S21,64GB,Blue,C,New,84,Working,596,582
R03-8904255160201528790,Samsung,Galaxy S21,128GB,Green,C,Good,89,Not Working,535,497
R03-1299414209409925765,Samsung,Galaxy S21,256GB,Green,C,Used,87,Partially Working,578,538
R03-15970343190314175010,Samsung,Galaxy S21,256GB,White,B,Good,90,Working,389,343
R03-572036481804026079,Samsung,Galaxy S21,256GB,Green,B,New,80,Partially Working,363,349
R03-10111135610558760534,Samsung,Galaxy S21,128GB,Black,A,Good,93,Working,485,468
R03-15928677031263161056,Samsung,Galaxy S21,256GB,Red,D,New,86,Partially Working,518,469
R03-13170374716614069005,Samsung,Galaxy S21,64GB,Blue,A+,Good,90,Not Working,662,614
R03-14864793438889855113,Apple,iPhone 11,256GB,Black,D,Good,100,Not Working,434,401
R03-11740063314233872032,Apple,iPhone 11,64GB,Blue,D,Used,95,Partially Working,372,342
R03-11856119043234024144,Apple,iPhone 11,128GB,Blue,D,Used,98,Working,595,574
R03-1908848143524251113,Apple,iPhone 11,128GB,Blue,A,New,81,Not Working,527,484
R03-13590410216313602214,Apple,iPhone 11,256GB,White,A,Used,90,Partially Working,545,524
R03-10438311353578897722,Apple,iPhone 11,128GB,Black,C,Used,85,Not Working,530,483
R03-11304859848567966133,Apple,iPhone 11,64GB,Red,A,New,99,Working,591,578
R03-11456820803073296980,Apple,iPhone 11,64GB,Black,A,Used,100,Not Working,451,429
R03-7622755344298888157,Apple,iPhone 11,128GB,Black,A,Good,89,Working,493,446
R03-8450193362407407993,Apple,iPhone 11,64GB,Black,D,Good,90,Working,602,572
R03-10968446657238745958,Apple,iPhone 11,64GB,Blue,A,Good,81,Partially Working,679,641
R03-2753362883956984869,Apple,iPhone 11,128GB,Black,A,Good,84,Working,302,264
R03-18443259217030957914,Apple,iPhone 11,256GB,Black,C,Good,99,Working,590,580
R03-4656061633835123078,Apple,iPhone 11,128GB,Green,B,New,91,Partially Working,320,273
R03-15796437611385670506,Apple,iPhone 11,256GB,Red,A,Used,100,Working,441,392
R03-9750611061447149198,Apple,iPhone 11,128GB,Blue,B,Used,80,Not Working,603,574
R03-2636552651603594740,Apple,iPhone 11,128GB,Green,D,Good,91,Working,348,302
R03-5046245804817793063,Apple,iPhone 11,128GB,Black,B,Used,98,Not Working,491,461
R03-11440330536745452890,Apple,iPhone 11,256GB,Green,C,Used,89,Partially Working,367,352
R03-5492695458140735970,Apple,iPhone 11,64GB,Green,A+,New,93,Not Working,609,587
R03-15999186815984684265,Apple,iPhone 11,256GB,Blue,C,New,93,Not Working,375,338
R03-14710830499940156377,Apple,iPhone 11,64GB,Blue,D,Good,80,Not Working,400,381
R03-9289713541517297222,Apple,iPhone 11,128GB,Blue,C,New,81,Not Working,349,309
R03-5441419990194081208,Apple,iPhone 11,64GB,Green,B,Used,95,Not Working,419,381
R03-7248791547549601577,Apple,iPhone 11,256GB,Blue,C,New,100,Not Working,419,392
R03-11048956613642440162,Apple,iPhone 11,128GB,Green,C,New,84,Not Working,501,483
R03-17693543957092057852,Apple,iPhone 11,64GB,Red,B,Good,85,Partially Working,670,622
R03-14321955227359658282,Apple,iPhone 11,64GB,White,D,Used,96,Not Working,689,660
R03-11236825802771677286,Apple,iPhone 11,64GB,Black,C,Used,84,Working,521,494
R03-7455952186981499188,Apple,iPhone 11,256GB,Green,B,Good,98,Partially Working,556,514
R03-4964329039505607328,Apple,iPhone 11,128GB,Green,B,New,87,Not Working,436,392
R03-4207941158526076351,Apple,iPhone 11,256GB,White,A,Used,92,Working,609,589
R03-8613774992474391704,Apple,iPhone 11,128GB,White,B,Good,86,Partially Working,481,438
R03-13758193576707180573,Apple,iPhone 11,128GB,Black,B,Used,82,Not Working,672,654
R03-14120786342437406180,Apple,iPhone 11,64GB,Blue,A+,Used,88,Partially Working,467,417
R03-209246294559506895,Apple,iPhone 11,256GB,Red,A,New,95,Not Working,386,365
R03-9780118094183284746,Apple,iPhone 11,256GB,Blue,A,Used,98,Partially Working,518,493
R03-16949895096100605822,Apple,iPhone 11,256GB,Black,D,Good,95,Working,550,533
R03-12488437891181399615,Apple,iPhone 11,128GB,Red,D,Used,83,Partially Working,317,282
R03-9739294778873695532,Apple,iPhone 11,64GB,Blue,C,Good,84,Partially Working,528,516
R03-13377081411159607225,Apple,iPhone 11,64GB,Green,A,New,85,Partially Working,379,363
R03-13383393493292633577,Apple,iPhone 11,128GB,White,A+,Good,99,Not Working,437,410
R03-1305557340043035186,Apple,iPhone 11,128GB,Blue,C,Good,81,Partially Working,653,639
R03-11881344924274016817,Apple,iPhone 11,64GB,White,C,New,98,Not Working,596,583
R03-3934477932731516531,Apple,iPhone 11,256GB,Green,A,New,88,Partially Working,687,653
R03-5749291104799772041,Apple,iPhone 11,64GB,Blue,A+,Good,92,Working,475,426
R03-7262932946782208826,Apple,iPhone 11,256GB,Red,A,Good,90,Partially Working,655,627
R03-2581792056301995530,Apple,iPhone 11,128GB,White,A+,New,81,Not Working,351,339
R03-703501960056884313,Apple,iPhone 11,256GB,Green,B,Good,88,Not Working,699,681
R03-14558562313536489896,Apple,iPhone 11,128GB,Blue,B,New,91,Not Working,402,385
R03-15877167831842113773,Apple,iPhone 11,128GB,White,A+,Good,80,Partially Working,460,448
R03-1706899086417284699,Apple,iPhone 11,256GB,White,B,New,96,Not Working,451,435
R03-17595778418566710497,Apple,iPhone 11,64GB,Blue,A+,Used,88,Not Working,496,473
R03-16010949465567021365,Apple,iPhone 11,256GB,Black,C,Used,82,Working,509,491
R03-2341654600152925716,Apple,iPhone 11,128GB,Blue,A+,New,81,Not Working,302,289
R03-836400273695198182,Apple,iPhone 11,128GB,Green,A,New,90,Working,458,415
R03-9020950671660174393,Apple,iPhone 11,128GB,Green,B,Good,90,Working,402,353
R03-5960514969619284710,Apple,iPhone 11,128GB,Black,D,New,99,Partially Working,623,584
R03-13793029636030615137,Apple,iPhone 11,64GB,Green,A+,Good,85,Not Working,459,449
R03-1216536333345508318,Apple,iPhone 11,128GB,White,A+,New,92,Not Working,452,419
R03-9729745661280143255,Apple,iPhone 11,256GB,Green,A,New,83,Partially Working,319,300
R03-13553212089426399014,Apple,iPhone 11,64GB,Black,D,Good,92,Not Working,617,590
R03-15099639150985496171,Apple,iPhone 11,64GB,Red,A,Used,84,Not Working,603,578
R03-693737734704808473,Apple,iPhone 11,256GB,Green,B,Used,93,Working,700,657
R03-4057559970683963371,Apple,iPhone 11,256GB,Blue,A,Used,94,Not Working,588,546
R03-17923937139915703002,Apple,iPhone 11,128GB,White,D,Used,94,Not Working,353,320
R03-12774485436870184028,Apple,iPhone 11,64GB,Red,D,Used,96,Working,593,568
R03-10637520045865845247,Apple,iPhone 11,256GB,White,D,Good,84,Working,539,504
R03-9066509924561931123,Apple,iPhone 11,256GB,White,A+,Used,84,Partially Working,336,318
R03-16088965889347372557,Apple,iPhone 11,128GB,White,B,Good,95,Partially Working,504,482
R03-7360081093928699734,Apple,iPhone 11,256GB,Black,C,Used,98,Working,698,649
R03-16862668552355924558,Apple,iPhone 11,64GB,White,A+,Good,92,Not Working,691,665
R03-410397805814238644,Apple,iPhone 11,128GB,Red,A+,Good,84,Working,636,589
R03-14355687714828536770,Apple,iPhone 11,64GB,Red,C,New,88,Partially Working,447,420
R03-17748840394153414630,Apple,iPhone 11,64GB,Green,A,New,95,Working,334,301
R03-7625838506692788273,Apple,iPhone 11,64GB,Green,B,Used,98,Not Working,363,314
R03-15188145960216118185,Apple,iPhone 11,128GB,White,C,Good,89,Partially Working,430,410
R03-7128245764722410474,Apple,iPhone 11,256GB,Blue,B,Used,88,Not Working,634,589
R03-12130227566316897730,Apple,iPhone 11,64GB,Blue,B,Good,88,Not Working,653,633
R03-1237325834420767045,Apple,iPhone 11,128GB,Blue,A+,New,93,Not Working,505,477
R03-8666744209616029440,Apple,iPhone 11,64GB,Black,A+,Good,90,Not Working,663,632
R03-4920866738266130320,Apple,iPhone 11,256GB,White,B,Good,86,Not Working,656,644
R03-2787224487415465944,Apple,iPhone 11,64GB,Red,A+,New,92,Not Working,510,464
R03-16007269488923725095,Apple,iPhone 11,64GB,Blue,B,Good,97,Partially Working,375,340
R03-1983048144133179830,Apple,iPhone 11,64GB,Blue,B,Good,80,Not Working,523,487
R03-17618590478259273998,Apple,iPhone 11,256GB,Blue,A,New,80,Working,573,545
R03-6997921995924521190,Apple,iPhone 11,256GB,Green,B,New,87,Not Working,409,399
R03-12773852934000232650,Apple,iPhone 11,128GB,Red,B,Good,91,Partially Working,470,433
R03-4274011875293087863,Apple,iPhone 11,128GB,White,B,Used,80,Not Working,684,651
R03-17881595787230987895,Apple,iPhone 11,128GB,White,D,New,88,Working,403,367
R03-17187041495624926120,Apple,iPhone 11,64GB,Green,A,New,80,Partially Working,532,507
R03-9781002194683315787,Apple,iPhone 11,256GB,Blue,A,Used,92,Partially Working,521,500
R03-4419196938437149020,Apple,iPhone 11,256GB,Black,B,New,91,Not Working,429,402
R03-6873263292548008221,Apple,iPhone 11,256GB,Black,B,Used,98,Working,568,545
R03-9783004793362927370,Apple,iPhone 11,128GB,White,A,New,89,Working,682,658
R03-16043837970761928380,Apple,iPhone 11,64GB,Blue,A,Used,99,Partially Working,313,296
R03-6883122167465396331,Apple,iPhone 11,256GB,White,A+,New,94,Working,586,575
R03-9482433372941730340,Apple,iPhone 11,64GB,Black,A,Used,88,Working,693,666
R03-14551584443572765032,Apple,iPhone 11,256GB,Black,A+,Used,81,Not Working,482,471
R03-6276492803333964651,Apple,iPhone 11,128GB,Black,A,New,88,Working,407,370
R03-10673659287251208537,Apple,iPhone 11,256GB,Blue,D,Used,96,Working,480,437
R03-5269820603731689599,Apple,iPhone 11,128GB,Red,D,Used,95,Not Working,624,598
R03-12618717594937020141,Apple,iPhone 11,64GB,Blue,D,New,96,Partially Working,429,402
R03-9409860269476890449,Apple,iPhone 11,256GB,Green,C,Good,100,Working,581,531
R03-5333667088549302230,Apple,iPhone 11,256GB,White,A+,Good,95,Not Working,615,585
R03-12501171909056745005,Apple,iPhone 11,256GB,White,A+,Good,87,Not Working,450,428
R03-7967499633568596396,Apple,iPhone 11,128GB,Green,B,New,96,Partially Working,609,567
R03-16633955340973853227,Apple,iPhone 11,64GB,White,A+,Good,84,Not Working,367,348
R03-2361362404564683763,Apple,iPhone 11,128GB,Green,A+,Used,90,Partially Working,685,635
R03-564238394350454694,Apple,iPhone 11,128GB,Red,D,Good,92,Working,438,408
R03-13285915774828626499,Apple,iPhone 11,128GB,Blue,A,Good,89,Partially Working,530,519
R03-135003972055420030,Apple,iPhone 11,256GB,Red,A,New,86,Working,583,571
R03-13516895890118823684,Apple,iPhone 11,256GB,Green,C,Good,90,Partially Working,594,581
R03-9427022947752624531,Apple,iPhone 11,256GB,White,A,Used,88,Working,589,552
R03-5762585204814399692,Apple,iPhone 11,128GB,Black,C,New,95,Not Working,486,475
R03-15349396882213259751,Apple,iPhone 12,64GB,Black,A+,New,98,Working,580,534
R03-3375776414399808081,Apple,iPhone 12,128GB,Blue,A+,Good,88,Not Working,512,489
R03-6156079390838505998,Apple,iPhone 12,256GB,Red,A+,Used,81,Not Working,577,532
R03-1063013408903154982,Apple,iPhone 12,128GB,Red,A+,New,95,Not Working,571,527
R03-18172279747993620182,Apple,iPhone 12,128GB,Red,A,New,89,Working,350,324
R03-11104401606690291762,Apple,iPhone 12,128GB,Green,A+,Used,83,Partially Working,511,487
R03-10354081105855856709,Apple,iPhone 12,256GB,Green,C,Used,88,Working,378,337
R03-5968876831053269199,Apple,iPhone 12,256GB,White,D,Used,85,Not Working,527,487
R03-10957500364728451779,Apple,iPhone 12,128GB,Red,A,New,92,Not Working,593,582
R03-8806513976886708179,Apple,iPhone 12,64GB,White,B,Used,85,Not Working,308,278
R03-4760768891365179876,Apple,iPhone 12,256GB,Blue,A,Good,85,Working,568,525
R03-8849866463868898696,Apple,iPhone 12,128GB,Green,A,Used,99,Not Working,683,667
R03-11952067988184255868,Apple,iPhone 12,256GB,Black,B,Used,88,Not Working,631,595
R03-10023595895115040561,Apple,iPhone 12,64GB,White,A+,Used,96,Not Working,432,402
R03-5587647630832321267,Apple,iPhone 12,64GB,Red,D,Good,95,Partially Working,684,652
R03-14367408604861844018,Apple,iPhone 12,256GB,Red,A+,New,88,Not Working,427,411
R03-12140740925835987166,Apple,iPhone 12,256GB,Blue,B,New,93,Not Working,678,643
R03-8204276532428623411,Apple,iPhone 12,256GB,Black,B,Used,92,Working,548,503
R03-9084427696995060735,Apple,iPhone 12,64GB,Red,A+,Good,96,Partially Working,668,629
R03-12771824114224873713,Apple,iPhone 12,256GB,Green,D,Used,99,Partially Working,354,311
R03-18442038678209905863,Apple,iPhone 12,64GB,White,A+,New,85,Working,392,347
R03-4978329777003122488,Apple,iPhone 12,128GB,Black,D,New,82,Partially Working,318,295
R03-11817107355200996222,Apple,iPhone 12,128GB,Blue,C,New,89,Not Working,379,342
R03-9117727112470482781,Apple,iPhone 12,128GB,Black,D,Used,80,Working,507,478
R03-8119227982035109587,Apple,iPhone 12,256GB,Red,A+,New,95,Partially Working,497,487
R03-8999669876886883407,Apple,iPhone 12,128GB,Green,B,New,80,Not Working,566,537
R03-1184409732210377208,Apple,iPhone 12,128GB,Red,C,Used,85,Partially Working,628,591
R03-3912463810581317659,Apple,iPhone 12,64GB,White,D,Used,97,Working,307,277
R03-13646650965315506120,Apple,iPhone 12,128GB,Blue,A,New,87,Working,669,653
R03-6871679324085505348,Apple,iPhone 12,128GB,Green,B,Used,97,Not Working,577,565
R03-11588705636929194073,Apple,iPhone 12,64GB,Blue,A,Good,94,Partially Working,563,517
R03-15428757454591182509,Apple,iPhone 12,128GB,Black,D,Good,87,Working,625,580
R03-9551988303015658580,Apple,iPhone 12,64GB,Blue,D,Used,100,Partially Working,343,297
R03-3809143190608564054,Apple,iPhone 12,64GB,Blue,A+,Good,88,Partially Working,326,277
R03-4455856354225311368,Apple,iPhone 12,128GB,White,A,New,87,Working,662,617
R03-3362637410955382778,Apple,iPhone 12,256GB,White,A,New,99,Not Working,311,275
R03-4104728833876052872,Apple,iPhone 12,64GB,Blue,A+,New,84,Working,443,403
R03-15613709952276908922,Apple,iPhone 12,128GB,Black,C,New,87,Partially Working,619,596
R03-4335813157562893467,Apple,iPhone 12,64GB,Green,C,Used,94,Not Working,516,495
R03-4634275915524556199,Apple,iPhone 12,256GB,Green,A,Used,94,Partially Working,447,403
R03-2472592909868157696,Apple,iPhone 12,64GB,Black,D,Used,99,Partially Working,472,431
R03-15377608363510548965,Apple,iPhone 12,64GB,Black,D,New,89,Partially Working,420,392
R03-12172071827431703566,Apple,iPhone 12,128GB,White,A,New,84,Partially Working,688,668
R03-6865399705263622276,Apple,iPhone 12,64GB,White,A,Good,99,Not Working,696,676
R03-3337852651443799334,Apple,iPhone 12,128GB,Black,A,New,100,Partially Working,656,643
R03-11074475342194689833,Apple,iPhone 12,64GB,Blue,C,Good,89,Partially Working,467,431
R03-12775318527626003821,Apple,iPhone 12,64GB,Green,A,Good,86,Working,633,611
R03-17545856334756266792,Apple,iPhone 12,64GB,Black,D,Good,95,Partially Working,545,520
R03-3048897225322417871,Apple,iPhone 12,64GB,White,C,Used,82,Not Working,653,603
R03-14257965361807706508,Apple,iPhone 12,256GB,Black,A+,Used,84,Working,692,649
R03-17374291357662004710,Apple,iPhone 12,64GB,Black,C,Good,91,Partially Working,694,669
R03-2896804824349886483,Apple,iPhone 12,128GB,Blue,A+,New,87,Not Working,645,604
R03-2142608950440316159,Apple,iPhone 12,128GB,Blue,A+,Good,92,Working,481,443
R03-11420245397237941857,Apple,iPhone 12,64GB,Red,C,New,92,Partially Working,631,612
R03-3633131750217174128,Apple,iPhone 12,64GB,Red,A,New,85,Partially Working,394,365
R03-17180488099753577834,Apple,iPhone 12,64GB,Green,A+,New,81,Partially Working,551,512
R03-9052205453658636976,Apple,iPhone 12,256GB,White,A,Used,100,Partially Working,500,465
R03-18319876167130106425,Apple,iPhone 12,128GB,Blue,A+,Good,94,Not Working,321,275
R03-4753790975965612064,Apple,iPhone 12,128GB,Black,B,Good,92,Not Working,629,579
R03-3238059155487673850,Apple,iPhone 12,128GB,White,A,Good,97,Working,630,598
R03-2169746089019458157,Apple,iPhone 12,64GB,White,C,Used,92,Working,324,278
R03-7234200683356704099,Apple,iPhone 12,64GB,White,A+,Used,96,Not Working,339,319
R03-16781360136408351386,Apple,iPhone 12,64GB,Red,D,Good,81,Working,659,645
R03-665871784393985789,Apple,iPhone 12,64GB,White,A,Good,98,Not Working,536,509
R03-14440749998192869817,Apple,iPhone 12,128GB,Black,D,New,84,Partially Working,356,308
R03-2251679084446565492,Apple,iPhone 12,64GB,Blue,C,Good,100,Partially Working,326,310
R03-6369240465083551569,Apple,iPhone 12,64GB,Red,C,Used,95,Partially Working,577,529
R03-9870836958846664989,Apple,iPhone 12,256GB,Green,B,New,91,Partially Working,475,427
R03-1290111362214347021,Apple,iPhone 12,256GB,White,A,New,87,Not Working,563,539
R03-13661094938790741033,Apple,iPhone 12,64GB,Red,A+,Used,84,Not Working,475,425
R03-13319801382787500892,Apple,iPhone 12,64GB,Green,B,Used,96,Working,406,394
R03-1466462655264999173,Apple,iPhone 12,64GB,Red,A,New,80,Working,408,361
R03-8804304646699502965,Apple,iPhone 12,256GB,Red,D,New,85,Partially Working,655,619
R03-5435718391335440091,Apple,iPhone 12,128GB,Green,D,New,85,Working,571,532
R03-17350823884702761433,Apple,iPhone 12,128GB,Blue,D,Used,93,Partially Working,406,378
R03-2453192516976004310,Apple,iPhone 12,256GB,Blue,D,Used,96,Not Working,458,410
R03-15532421472226592445,Apple,iPhone 12,128GB,Red,A+,Used,89,Not Working,650,606
R03-18443298396761769427,Apple,iPhone 12,256GB,White,C,Good,92,Partially Working,546,521
R03-10776255237736120539,Apple,iPhone 12,128GB,White,C,New,88,Not Working,328,307
R03-4513058501213438102,Apple,iPhone 12,128GB,Blue,B,New,82,Working,668,620
R03-6937885214804036133,Apple,iPhone 12,256GB,Green,C,New,84,Working,473,458
R03-13298423513446239828,Apple,iPhone 12,256GB,Red,C,Good,89,Working,650,606
R03-6534557158346541596,Apple,iPhone 12,64GB,Black,D,Used,84,Partially Working,622,593
R03-1658174005673935386,Apple,iPhone 12,64GB,Green,C,Good,89,Partially Working,371,338
R03-9406680325254040361,Apple,iPhone 12,256GB,Red,A+,Used,82,Partially Working,579,565
R03-707614091357865535,Apple,iPhone 12,256GB,Blue,D,Used,94,Partially Working,321,273
R03-1459189510850693080,Apple,iPhone 12,64GB,Blue,A,Good,92,Working,383,353
R03-4301061546575676322,Apple,iPhone 12,64GB,White,A,New,86,Working,526,511
R03-18320512608772375621,Apple,iPhone 12,256GB,Red,A,Good,92,Working,593,557
R03-6352381367496297045,Apple,iPhone 12,128GB,Green,A+,Good,80,Working,562,528
R03-4722367555622879780,Apple,iPhone 12,128GB,Blue,D,Good,89,Partially Working,624,577
R03-5131014258644369805,Apple,iPhone 13,256GB,Green,A+,Used,92,Partially Working,597,583
R03-4165536875940761510,Apple,iPhone 13,128GB,Red,A+,New,96,Not Working,446,418
R03-5268634935148167883,Apple,iPhone 13,256GB,Red,C,New,95,Working,467,456
R03-10144045887302878583,Apple,iPhone 13,128GB,White,D,Used,84,Not Working,302,288
R03-16017895966470655461,Apple,iPhone 13,256GB,Black,D,Good,93,Partially Working,470,448
R03-4141917830397579148,Apple,iPhone 13,128GB,Green,A+,New,97,Partially Working,533,514
R03-594313989483088045,Apple,iPhone 13,64GB,Blue,A+,New,92,Not Working,303,279
R03-4003388537189253159,Apple,iPhone 13,128GB,White,D,Used,86,Not Working,434,384
R03-5646017262009207014,Apple,iPhone 13,64GB,Red,D,Used,94,Partially Working,699,651
R03-6558218557171777887,Apple,iPhone 13,64GB,Green,B,Good,87,Not Working,643,619
R03-1349109544515486784,Apple,iPhone 13,256GB,Green,A+,Good,86,Not Working,501,454
R03-17104314630248681426,Apple,iPhone 13,256GB,Green,A,New,94,Partially Working,694,675
R03-4631887796892877560,Apple,iPhone 13,256GB,Blue,A+,Good,91,Not Working,315,271
R03-8967395973672618716,Apple,iPhone 13,128GB,White,A+,Used,96,Working,338,305
R03-1317310186940744903,Apple,iPhone 13,256GB,Black,A,New,97,Not Working,407,371
R03-9706082332985282120,Apple,iPhone 13,128GB,Black,B,New,84,Working,531,494
R03-18093183322251741583,Apple,iPhone 13,128GB,Green,C,New,82,Working,666,633
R03-14999600655923757849,Apple,iPhone 13,256GB,Black,B,New,98,Working,455,414
R03-6826114954943875538,Apple,iPhone 13,128GB,Black,C,Used,83,Not Working,313,282
R03-16673454586143591765,Apple,iPhone 13,128GB,Green,D,Used,97,Not Working,307,272
R03-2987836456495957426,Apple,iPhone 13,256GB,Black,C,Used,93,Not Working,683,643
R03-1125838968670604915,Apple,iPhone 13,256GB,Red,A,Good,83,Not Working,632,609
R03-15284371157566966875,Apple,iPhone 13,128GB,Black,D,Good,100,Not Working,601,567
R03-7885604231157270043,Apple,iPhone 13,256GB,Black,A+,New,85,Working,554,517
R03-14524523352887217365,Apple,iPhone 13,256GB,Green,D,Used,82,Not Working,579,550
R03-10171120713555854204,Apple,iPhone 13,64GB,Blue,A,New,81,Not Working,309,288
R03-2497355174705516461,Apple,iPhone 13,64GB,Blue,D,New,91,Partially Working,688,674
R03-12741878297681543918,Apple,iPhone 13,256GB,Red,A,Good,80,Working,653,607
R03-101878494401154415,Apple,iPhone 13,128GB,White,A,Used,90,Partially Working,370,357
R03-345951272795392482,Apple,iPhone 13,128GB,White,D,Used,86,Not Working,499,452
R03-8385758605173211850,Apple,iPhone 13,256GB,Red,B,Good,100,Partially Working,522,484
R03-18374391849169603230,Apple,iPhone 13,64GB,Blue,A,New,98,Working,636,612
R03-9884347830524923201,Apple,iPhone 13,128GB,Blue,C,Used,87,Working,337,298
R03-13561550286671725878,Apple,iPhone 13,64GB,White,C,Used,84,Partially Working,522,504
R03-7538197724873706466,Apple,iPhone 13,64GB,Red,A+,New,95,Not Working,460,445
R03-5974594450153819097,Apple,iPhone 13,64GB,Red,D,New,93,Partially Working,491,473
R03-18017151136510460451,Apple,iPhone 13,64GB,Green,A+,New,88,Not Working,524,484
R03-12404046857840052412,Apple,iPhone 13,256GB,Red,D,Used,86,Not Working,415,397
R03-6533165483260724161,Apple,iPhone 13,64GB,White,D,Good,81,Partially Working,519,509
R03-11192984821176486806,Apple,iPhone 13,128GB,Red,A+,Used,94,Not Working,576,546
R03-7576924311462366794,Apple,iPhone 13,64GB,White,A,Good,99,Not Working,328,315
R03-15986989481972352602,Apple,iPhone 13,128GB,Blue,A,New,84,Not Working,615,581
R03-515625793279837807,Apple,iPhone 13,128GB,White,A+,Good,88,Not Working,347,305
R03-17165514895661745813,Apple,iPhone 13,128GB,White,A,New,91,Working,661,635
R03-8495942988911496042,Apple,iPhone 13,64GB,Blue,B,Used,80,Not Working,620,597
R03-1178823193701007618,Apple,iPhone 13,64GB,Red,B,Good,98,Partially Working,449,400
R03-14932621551698789917,Apple,iPhone 13,256GB,Green,B,New,90,Working,668,630
R03-17279204665398872289,Apple,iPhone 13,128GB,Green,C,Good,95,Partially Working,355,345
R03-16380219625743795942,Apple,iPhone 13,128GB,Blue,A+,New,81,Partially Working,675,658
R03-10348136854214037339,Apple,iPhone 13,128GB,Red,A,Good,97,Not Working,556,539
R03-13676315249250486590,Apple,iPhone 13,256GB,White,A+,Used,89,Partially Working,648,625
R03-3697452288589644231,Apple,iPhone 13,64GB,Blue,D,Good,86,Working,549,499
R03-11882468200078787279,Apple,iPhone 13,256GB,Blue,A,Used,85,Partially Working,459,431
R03-1933994232082746278,Apple,iPhone 13,128GB,Red,D,Good,100,Not Working,308,273
R03-11848948276977683413,Apple,iPhone 13,128GB,White,D,Good,83,Working,342,331
R03-6404459937620511657,Apple,iPhone 13,64GB,Black,D,Good,98,Partially Working,582,533
R03-13999653423237448319,Apple,iPhone 13,256GB,Green,A+,New,88,Partially Working,379,347
R03-14591558723455240033,Apple,iPhone 13,64GB,Green,A+,New,80,Working,566,520
R03-2997487749738285606,Apple,iPhone 13,256GB,White,B,New,85,Working,444,428
R03-16286448191908497529,Apple,iPhone 13,64GB,White,C,Used,86,Partially Working,693,657
R03-12829377265256253218,Apple,iPhone 13,128GB,Green,A+,Used,86,Working,597,577
R03-10805197110877309129,Apple,iPhone 13,64GB,Black,B,Used,98,Not Working,307,266
R03-17531865231246118460,Apple,iPhone 13,256GB,White,D,Good,89,Partially Working,691,647
R03-14293287585162874286,Apple,iPhone 13,128GB,White,A+,Used,85,Working,679,638
R03-10126731556747953303,Apple,iPhone 13,128GB,Green,D,Used,93,Working,333,298
R03-8637800599377692018,Apple,iPhone 13,64GB,White,B,New,86,Partially Working,688,657
R03-9480824877252497103,Apple,iPhone 13,256GB,White,B,New,97,Not Working,346,298
R03-1785853287691797847,Apple,iPhone 13,128GB,Blue,B,New,83,Working,531,515
R03-1574970510189021187,Apple,iPhone 13,64GB,Black,B,Used,85,Partially Working,400,387
R03-3832816212114556155,Apple,iPhone 13,128GB,Green,D,Used,94,Partially Working,523,496
R03-17505941806249101772,Apple,iPhone 13,64GB,Blue,C,Good,85,Partially Working,364,353
R03-12155912591208693875,Apple,iPhone 13,128GB,Black,A+,Used,83,Working,346,334
R03-14357331256251073585,Apple,iPhone 13,256GB,Blue,D,Good,91,Not Working,572,547
R03-14730910433148094833,Apple,iPhone 13,64GB,Blue,B,Used,83,Not Working,413,395
R03-9806107805841312524,Apple,iPhone 13,256GB,Red,B,Used,82,Partially Working,535,507
R03-12219463889556490316,Apple,iPhone 13,64GB,Blue,D,Used,88,Not Working,592,557
R03-7271559280715515179,Apple,iPhone 13,64GB,Red,A+,New,99,Not Working,391,365
R03-12571251117676249197,Apple,iPhone 13,256GB,Blue,A+,Used,88,Working,691,668
R03-15689555658950657183,Apple,iPhone 13,256GB,Black,D,Good,99,Partially Working,544,530
R03-4839294179114896246,Apple,iPhone 13,64GB,Black,A+,Used,94,Not Working,342,303
R03-881016671884690263,Apple,iPhone 13,128GB,White,D,Good,96,Working,695,667
R03-1447040510810474914,Apple,iPhone 13,128GB,Green,A,Good,81,Working,384,345
R03-4929018996728414530,Apple,iPhone 13,128GB,Red,C,New,88,Not Working,371,330
R03-12008075193867586148,Apple,iPhone 13,128GB,Blue,A+,New,85,Not Working,472,442
R03-12111153555370102190,Apple,iPhone 13,128GB,Black,A,Used,89,Working,644,611
R03-14833081095369671191,Apple,iPhone 13,64GB,Red,B,New,81,Not Working,655,637
R03-14557723167011129454,Apple,iPhone 13,256GB,Black,C,New,91,Not Working,517,495
R03-7218377033809743590,Apple,iPhone 13,64GB,Blue,C,New,89,Not Working,532,518
R03-15961683049830892528,Apple,iPhone 13,128GB,White,A,Good,82,Partially Working,387,373
R03-6735819176266451790,Apple,iPhone 13,64GB,Red,B,Good,85,Partially Working,537,525
R03-16858440480361041174,Apple,iPhone 13,64GB,White,B,New,97,Not Working,324,296
R03-13459972284000782829,Apple,iPhone 13,128GB,Red,B,New,98,Partially Working,674,652
R03-1108321594501253874,Apple,iPhone 13,64GB,Red,A+,New,86,Partially Working,616,578
R03-35523440175497620,Apple,iPhone 13,256GB,White,D,Used,93,Working,604,584
R03-10170150067244384707,Apple,iPhone 13,128GB,Green,C,Used,83,Not Working,518,492
R03-17491160815499168707,Apple,iPhone 13,128GB,Red,B,Good,94,Partially Working,340,316
R03-12057764034537407480,Apple,iPhone 13,128GB,Red,A+,Good,82,Partially Working,540,516
R03-5999949322332029631,Apple,iPhone 13,64GB,Green,D,Good,89,Working,546,531
R03-6139692073579331948,Apple,iPhone X,256GB,Green,C,Good,97,Working,555,537
R03-5080888654298106528,Apple,iPhone X,128GB,Red,B,New,97,Partially Working,658,633
R03-7837054073264685898,Apple,iPhone X,128GB,Black,B,New,92,Working,430,400
R03-12518044317854288086,Apple,iPhone X,256GB,Blue,A,Used,94,Working,304,289
R03-1887745434884982210,Apple,iPhone X,256GB,White,A,Good,97,Working,572,553
R03-11989186403319892999,Apple,iPhone X,256GB,White,A+,Used,98,Partially Working,695,655
R03-15754414446529759134,Apple,iPhone X,64GB,Red,C,Used,89,Partially Working,383,337
R03-4771984719809169147,Apple,iPhone X,64GB,Red,D,New,86,Not Working,325,292
R03-12846657081296309167,Apple,iPhone X,64GB,White,C,Good,90,Not Working,413,388
R03-11475446695310543648,Apple,iPhone X,256GB,Blue,B,Used,88,Working,615,581
R03-17111235291165183881,Apple,iPhone X,128GB,White,D,Used,89,Working,572,529
R03-17260257481418752110,Apple,iPhone X,128GB,Red,D,Used,92,Partially Working,683,661
R03-5720819258694059383,Apple,iPhone X,256GB,Black,C,New,81,Partially Working,558,546
R03-5357554002099849500,Apple,iPhone X,64GB,Blue,A,Good,92,Working,413,392
R03-1363741299133727390,Apple,iPhone X,128GB,Red,A+,Good,100,Not Working,591,556
R03-910814572063772321,Apple,iPhone X,128GB,Black,C,New,97,Not Working,575,554
R03-4259001532132248838,Apple,iPhone X,64GB,White,C,New,91,Working,493,466
R03-1270087057255713106,Apple,iPhone X,256GB,Blue,A,Used,85,Not Working,392,344
R03-15948802707912871810,Apple,iPhone X,128GB,Black,C,New,99,Partially Working,427,387
R03-9607531093843329071,Apple,iPhone X,256GB,Green,A,New,98,Partially Working,419,404
R03-16548646298610059185,Apple,iPhone X,128GB,Green,A,New,82,Working,479,442
R03-16173977904171852,Apple,iPhone X,256GB,Red,D,Good,87,Working,327,290
R03-1954761541231461102,Apple,iPhone X,64GB,Red,B,New,100,Partially Working,370,343
R03-10035260069267851822,Apple,iPhone X,256GB,Blue,C,Good,90,Not Working,577,559
R03-4757738480769976375,Apple,iPhone X,256GB,Green,C,New,91,Working,554,509
R03-15230297319942212605,Apple,iPhone X,256GB,Red,A,New,93,Working,414,378
R03-11191803331445802292,Apple,iPhone X,256GB,Black,D,Good,92,Working,309,259
R03-1167072426544022100,Apple,iPhone X,64GB,White,A,New,89,Working,692,677
R03-4280782450907892665,Apple,iPhone X,256GB,Red,D,New,100,Not Working,516,478
R03-10092376719434204284,Apple,iPhone X,64GB,Red,C,Good,92,Partially Working,578,532
R03-13328944965510513015,Apple,iPhone X,256GB,Blue,A,New,86,Not Working,602,585
R03-8294762718219423656,Apple,iPhone X,256GB,Red,A,New,93,Working,326,315
R03-16996599946020407655,Apple,iPhone X,64GB,Blue,B,New,98,Working,336,290
R03-7669942792971832641,Apple,iPhone X,256GB,Green,A+,New,89,Partially Working,576,560
R03-6458321426010162384,Apple,iPhone X,64GB,Green,D,Used,81,Working,389,372
R03-2742815937274135666,Apple,iPhone X,64GB,Black,B,Good,86,Working,309,282
R03-16850255277871221184,Apple,iPhone X,128GB,Black,B,Good,94,Working,321,280
R03-14275026196214137914,Apple,iPhone X,256GB,Green,C,New,84,Not Working,668,637
R03-7382385803871732205,Apple,iPhone X,256GB,White,A,New,97,Working,349,328
R03-1837409001829713078,Apple,iPhone X,256GB,Green,A+,Good,95,Not Working,686,670
R03-1311255884847402378,Apple,iPhone X,64GB,Blue,A+,New,87,Not Working,448,402
R03-11932154906010273770,Apple,iPhone X,256GB,Red,C,Good,80,Working,388,350
R03-12930442135419373647,Apple,iPhone X,64GB,White,C,Good,84,Not Working,508,470
R03-9276209222870125487,Apple,iPhone X,256GB,Black,A+,New,88,Not Working,347,333
R03-12210230472901479704,Apple,iPhone X,64GB,White,C,New,93,Not Working,391,370
R03-17122019656787578408,Apple,iPhone X,128GB,White,A,New,87,Not Working,302,278
R03-2398768699528267481,Apple,iPhone X,128GB,Blue,A,Good,97,Not Working,469,440
R03-6279823412986136824,Apple,iPhone X,128GB,Black,B,New,86,Working,338,317
R03-2120435448038902479,Apple,iPhone X,256GB,Green,B,Used,93,Partially Working,646,616
R03-13564934196499467698,Apple,iPhone X,128GB,White,B,Good,87,Partially Working,562,527
R03-8441303642714032330,Apple,iPhone X,128GB,Black,A+,Good,95,Not Working,399,354
R03-17609112422845204849,Apple,iPhone X,128GB,Blue,A+,Good,92,Partially Working,648,611
R03-15515115155602754673,Apple,iPhone X,128GB,Green,C,Good,99,Partially Working,506,478
R03-2793415277951469589,Apple,iPhone X,256GB,Black,C,Used,88,Working,639,601
R03-15008221946939918078,Apple,iPhone X,64GB,Red,B,New,95,Partially Working,322,297
R03-675542538372009874,Apple,iPhone X,256GB,White,A+,New,95,Not Working,678,645
R03-17323830716012250814,Apple,iPhone X,256GB,Blue,D,Good,94,Not Working,341,295
R03-17897354272607322434,Apple,iPhone X,64GB,Green,C,Good,84,Not Working,369,335
R03-10612996657652517082,Apple,iPhone X,128GB,White,D,New,92,Not Working,411,387
R03-7316519391067849598,Apple,iPhone X,256GB,Red,A+,Used,100,Partially Working,583,561
R03-1889506043559563145,Apple,iPhone X,64GB,Red,C,Good,96,Not Working,634,601
R03-575005766732368015,Apple,iPhone X,64GB,Black,A+,Used,96,Working,477,440
R03-15544734564551053057,Apple,iPhone X,128GB,White,C,New,99,Partially Working,660,632
R03-10443245436430077002,Apple,iPhone X,128GB,Red,B,Used,98,Partially Working,646,614
R03-12615246757810422492,Apple,iPhone X,128GB,Red,B,Used,80,Not Working,424,394
R03-15217140439352953862,Apple,iPhone X,256GB,Blue,A+,Good,85,Working,669,649
R03-6836062311603457223,Apple,iPhone X,256GB,White,B,New,82,Partially Working,639,615
R03-3876259962428867080,Apple,iPhone X,256GB,Green,C,New,87,Partially Working,475,456
R03-16876267353365891692,Apple,iPhone X,64GB,White,A+,New,100,Not Working,551,510
R03-9186080864533825263,Apple,iPhone X,64GB,Blue,C,Good,85,Partially Working,455,424
R03-3501911806260367040,Apple,iPhone X,256GB,Red,A+,Good,92,Partially Working,370,341
R03-13158176372822721533,Apple,iPhone X,64GB,Black,A+,Good,82,Not Working,361,320
R03-9898357126194612013,Apple,iPhone X,256GB,Blue,B,New,99,Working,453,417
R03-6347532298103572867,Apple,iPhone X,64GB,Black,B,Good,98,Not Working,537,494
R03-9603663422604854863,Apple,iPhone X,64GB,Black,D,Good,98,Not Working,601,567
R03-7238261054009591777,Apple,iPhone X,128GB,Black,D,New,93,Partially Working,504,487
R03-17197879144584530596,Apple,iPhone X,256GB,Red,A,New,87,Partially Working,595,578
R03-11308191582061481117,Apple,iPhone X,128GB,White,A+,Used,89,Working,444,408
R03-9364191422216094996,Apple,iPhone X,256GB,Blue,D,Used,93,Not Working,386,346
R03-1967916227869952049,Apple,iPhone X,256GB,Blue,D,Used,82,Partially Working,355,328
R03-18311595640128227670,Apple,iPhone X,64GB,White,B,Used,95,Working,530,500
R03-5994700692305887233,Apple,iPhone X,128GB,Green,A+,New,83,Working,519,470
R03-14363300848446292948,Apple,iPhone X,128GB,Black,C,Used,94,Partially Working,660,635
R03-1394325947476756061,Apple,iPhone X,128GB,Blue,A+,Used,89,Working,462,424
R03-8100437580936005947,Apple,iPhone X,64GB,White,C,Used,84,Not Working,482,449
R03-10895224882866635772,Apple,iPhone X,128GB,Blue,D,Good,95,Partially Working,619,598
R03-12391701706061794294,Apple,iPhone X,256GB,Green,A,New,98,Not Working,386,343
R03-3823135701890450912,Apple,iPhone X,64GB,Red,C,Used,95,Partially Working,623,606
R03-16594413794773978867,Apple,iPhone X,128GB,Blue,C,New,84,Working,402,392
R03-9047724684060871759,Apple,iPhone X,64GB,Blue,A+,Good,92,Not Working,631,614
R03-7959836501897725531,Apple,iPhone X,256GB,White,B,New,92,Not Working,476,445
R03-11073319151963752469,Apple,iPhone X,128GB,Green,A+,New,99,Not Working,504,467
R03-11701859869167666640,Apple,iPhone X,128GB,Red,A,Used,91,Not Working,351,327
R03-14491325904124726711,Apple,iPhone X,256GB,White,A,Good,82,Not Working,604,582
R03-2365008793656575521,Apple,iPhone XR,256GB,Red,A+,Used,91,Not Working,688,653
R03-11866535260666546559,Apple,iPhone XR,64GB,White,B,New,84,Not Working,498,471
R03-12734079216224127294,Apple,iPhone XR,256GB,Blue,D,New,84,Partially Working,696,648
R03-17557116974790756485,Apple,iPhone XR,256GB,White,B,New,84,Working,571,550
R03-6973426196713456383,Apple,iPhone XR,256GB,Black,A+,New,83,Not Working,678,655
R03-15798131020378882495,Apple,iPhone XR,128GB,White,C,Good,89,Partially Working,634,595
R03-13384845289203453560,Apple,iPhone XR,128GB,Green,B,Used,90,Partially Working,581,549
R03-1696629628405238728,Apple,iPhone XR,64GB,White,C,New,91,Working,413,377
R03-852593301736212675,Apple,iPhone XR,128GB,Green,C,Used,87,Not Working,367,348
R03-6074147804834187952,Apple,iPhone XR,256GB,Blue,C,New,93,Partially Working,360,316
R03-6575530702083475482,Apple,iPhone XR,256GB,Black,A+,New,81,Partially Working,542,528
R03-17461271398367381049,Apple,iPhone XR,64GB,Red,B,Good,88,Partially Working,453,434
R03-12810782361181374347,Apple,iPhone XR,128GB,Green,C,New,91,Not Working,646,617
R03-5954772210487545522,Apple,iPhone XR,128GB,Blue,B,New,80,Working,682,666
R03-367805465877236685,Apple,iPhone XR,256GB,White,A+,Good,82,Working,310,294
R03-13711087064765974746,Apple,iPhone XR,128GB,Green,D,Good,93,Working,306,279
R03-12479540872611516355,Apple,iPhone XR,256GB,Blue,D,Good,87,Working,478,468
R03-1799474631430523620,Apple,iPhone XR,128GB,Red,A,New,91,Not Working,433,420
R03-5682422216258896100,Apple,iPhone XR,256GB,Red,C,Good,91,Partially Working,639,599
R03-16755435010861976207,Apple,iPhone XR,128GB,Red,A+,Used,97,Not Working,336,308
R03-15794363097353176251,Apple,iPhone XR,256GB,Blue,A+,Good,95,Working,345,318
R03-4077317231015120568,Apple,iPhone XR,256GB,Black,D,Used,88,Not Working,465,415
R03-17021507245340575640,Apple,iPhone XR,64GB,Red,D,New,96,Partially Working,590,565
R03-18211891126765305939,Apple,iPhone XR,128GB,White,D,Good,86,Working,345,308
R03-9386426068780073568,Apple,iPhone XR,128GB,White,C,New,99,Partially Working,329,300
R03-14511486469819485965,Apple,iPhone XR,128GB,Red,A,New,82,Working,488,441
R03-8424147595274767850,Apple,iPhone XR,64GB,Blue,A+,Used,99,Partially Working,491,468
R03-1549511937332235330,Apple,iPhone XR,128GB,Green,D,Good,90,Partially Working,406,359
R03-12610990299979008176,Apple,iPhone XR,128GB,Green,D,Good,92,Partially Working,653,641
R03-7326824049920655744,Apple,iPhone XR,128GB,Black,A,Good,83,Not Working,377,357
R03-12016293235141657801,Apple,iPhone XR,128GB,Green,C,Good,90,Partially Working,332,317
R03-1828472172833294110,Apple,iPhone XR,64GB,Red,A,New,88,Working,439,416
R03-15841321658464094391,Apple,iPhone XR,128GB,Red,B,New,97,Partially Working,607,593
R03-3980842864364834410,Apple,iPhone XR,256GB,Blue,A+,Used,81,Partially Working,545,505
R03-5289570732269391639,Apple,iPhone XR,128GB,Black,B,Used,83,Partially Working,555,528
R03-14275358375781878137,Apple,iPhone XR,256GB,Green,C,Used,98,Not Working,552,529
R03-5458814172139504326,Apple,iPhone XR,128GB,Green,A+,New,82,Partially Working,592,548
R03-11098310873848631136,Apple,iPhone XR,64GB,Green,C,New,90,Working,617,605
R03-4116300192750127320,Apple,iPhone XR,256GB,Green,B,Used,98,Not Working,634,598
R03-2837130072846188589,Apple,iPhone XR,256GB,Green,B,Used,96,Partially Working,504,480
R03-14202485653821015997,Apple,iPhone XR,64GB,Blue,D,New,94,Working,354,319
R03-4363378372318216746,Apple,iPhone XR,128GB,Blue,C,Used,92,Partially Working,567,541
R03-13819861483087348239,Apple,iPhone XR,64GB,White,C,Used,90,Working,641,625
R03-5166303720443758668,Apple,iPhone XR,256GB,Black,D,Good,85,Partially Working,360,319
R03-11101621146825540397,Apple,iPhone XR,256GB,Black,D,Good,81,Partially Working,534,509
R03-15919437835705598185,Apple,iPhone XR,128GB,Red,D,Used,94,Partially Working,535,495
R03-17928153935107081559,Apple,iPhone XR,256GB,White,A+,Good,93,Working,376,351
R03-2628343094320517004,Apple,iPhone XR,256GB,Red,A+,Good,90,Not Working,368,320
R03-3088615377908617031,Apple,iPhone XR,128GB,Green,B,New,89,Partially Working,685,650
R03-6206391804090010176,Apple,iPhone XR,64GB,White,A,New,90,Partially Working,426,402
R03-9549224199601539544,Apple,iPhone XR,256GB,Blue,A+,Used,97,Working,612,602
R03-7290357585339829419,Apple,iPhone XR,128GB,White,B,New,99,Partially Working,430,410
R03-17196901165723633039,Apple,iPhone XR,64GB,Green,A,Used,98,Partially Working,335,296
R03-2956277789194800699,Apple,iPhone XR,64GB,Red,B,New,100,Working,484,461
R03-5870129897790065545,Apple,iPhone XR,128GB,Black,A+,Used,86,Partially Working,354,312
R03-12590811447880338178,Apple,iPhone XR,128GB,Blue,D,Used,99,Working,462,416
R03-9076558672730865997,Apple,iPhone XR,256GB,White,D,Used,84,Not Working,675,649
R03-7388377287098386694,Apple,iPhone XR,256GB,Black,B,New,94,Partially Working,691,651
R03-1604414058111976167,Apple,iPhone XR,256GB,Red,C,Good,96,Working,615,588
R03-8664029241101205935,Apple,iPhone XR,256GB,Green,D,New,89,Working,427,397
R03-6337660836989780723,Apple,iPhone XR,64GB,Blue,A+,Good,92,Not Working,424,393
R03-2840835556163078505,Apple,iPhone XR,256GB,Green,C,New,94,Not Working,399,354
R03-2279491430021025084,Apple,iPhone XR,64GB,Blue,C,Used,88,Not Working,530,508
R03-10054215705004884664,Apple,iPhone XR,128GB,White,B,Good,88,Partially Working,320,270
R03-16454995909008772998,Apple,iPhone XR,64GB,Green,A,New,98,Partially Working,403,368
R03-3746665356473289752,Apple,iPhone XR,256GB,Black,D,Used,88,Not Working,371,349
R03-14373837404640592329,Apple,iPhone XR,256GB,Red,D,New,98,Partially Working,337,310
R03-6647577413819714172,Apple,iPhone XR,256GB,Black,B,Used,95,Working,458,435
R03-11250882572294243062,Apple,iPhone XR,128GB,White,A+,Used,80,Partially Working,446,433
R03-13099651891564201125,Apple,iPhone XR,256GB,Red,B,New,90,Working,474,460
R03-16076890305867761725,Apple,iPhone XR,128GB,White,A,New,98,Not Working,368,351
R03-15236091798093776224,Apple,iPhone XR,128GB,White,D,Good,96,Not Working,679,637
R03-15300111946448587235,Apple,iPhone XR,64GB,White,B,Used,100,Working,668,641
R03-14839432947732990948,Apple,iPhone XR,128GB,Red,B,New,100,Not Working,337,319
R03-13769779268014458403,Apple,iPhone XR,128GB,White,A+,Used,89,Partially Working,416,380
R03-17081564592428892381,Apple,iPhone XR,128GB,Black,A+,New,83,Not Working,572,539
R03-12355750933317766894,Apple,iPhone XR,64GB,Black,A+,Used,94,Working,690,650
R03-13092264042460760412,Apple,iPhone XR,256GB,Green,B,Used,92,Not Working,498,485
R03-10915630714666042965,Apple,iPhone XR,128GB,White,A,Good,96,Partially Working,316,276
R03-11422543479810834909,Apple,iPhone XR,256GB,Black,B,Used,85,Working,441,410
R03-1213715050422944251,Apple,iPhone XR,128GB,Black,A,Used,90,Not Working,307,286
R03-7544203939362785848,Apple,iPhone XR,128GB,Red,A+,New,85,Not Working,330,291
R03-1497537119383996494,Apple,iPhone XR,128GB,White,C,Good,100,Not Working,607,568
R03-17056421104877719115,Apple,iPhone XR,64GB,Green,A+,Good,85,Partially Working,447,428
R03-13099429118332454813,Apple,iPhone XR,128GB,White,A+,New,86,Not Working,332,288
R03-1244702468239017960,Apple,iPhone XR,128GB,White,A+,New,81,Partially Working,468,429
R03-11100437485659835365,Apple,iPhone XR,64GB,Green,C,Used,100,Not Working,521,492
R03-11649517777701326390,Apple,iPhone XR,256GB,Blue,A,New,93,Working,388,360
R03-6094735626313220316,Apple,iPhone XR,256GB,Red,A+,Good,91,Partially Working,377,337
R03-6690760901093574208,Apple,iPhone XR,64GB,Blue,A+,New,94,Not Working,534,516
R03-793530605754139040,Apple,iPhone XR,128GB,White,A,Used,88,Not Working,417,388
R03-2720679788364123887,Apple,iPhone XR,64GB,Black,A,Good,88,Partially Working,369,356
R03-8684438744011328168,Apple,iPhone XR,64GB,Red,D,New,82,Not Working,676,660
R03-5060943027751765933,Apple,iPhone XR,256GB,Green,A,Used,95,Not Working,526,503
R03-10753857181661416217,Apple,iPhone XR,64GB,White,A,New,95,Partially Working,605,593
R03-4030740686567196556,Apple,iPhone XR,64GB,White,A+,Used,97,Partially Working,660,638
R03-4124170673307143065,Apple,iPhone XR,64GB,White,C,Used,91,Partially Working,675,661
R03-16336147606933881537,Apple,iPhone XR,128GB,Green,D,Good,95,Partially Working,393,373
R03-13596005718864578797,Apple,iPhone XR,256GB,Green,B,Good,82,Not Working,608,570
R03-12550196259663924358,Apple,iPhone XR,128GB,Blue,B,New,95,Working,383,364
R03-1795683368207467894,Apple,iPhone XR,256GB,Blue,A,Good,85,Not Working,581,567
R03-15526627832328701741,Apple,iPhone XR,256GB,Red,A,New,82,Working,424,389
R03-12405662094983710351,Apple,iPhone XR,128GB,Green,A,Good,80,Not Working,607,557
R03-11452886023608093912,Apple,iPhone XR,256GB,Green,B,Used,80,Partially Working,494,466
R03-12504236476427158441,Apple,iPhone XR,64GB,White,B,Good,84,Working,667,641
R03-8059729690842842541,Apple,iPhone XR,64GB,Red,C,Used,85,Not Working,690,658
R03-6777216516290400165,Apple,iPhone XR,256GB,Blue,D,Good,82,Not Working,316,279
